NORDEMP,kaitz,quintil
141234,1.0545454545454545,Q4
141235,0.9701430124613197,Q4
141236,0.8592592592592593,Q3
141238,0.6608303258311681,Q2
141239,0.764085773019319,Q2
141242,1.0545454545454545,Q4
141243,0.5754625903111982,Q1
141244,0.9527313171065577,Q4
141246,1.0134834634369279,Q4
141248,1.0134834634369279,Q4
141249,1.0944715909913125,Q5
141251,0.2699624583456363,Q1
141253,0.6486219959613623,Q2
141254,0.9782886975728522,Q4
141255,0.9666666666666667,Q4
141256,0.531444226546918,Q1
141258,0.7093174348391041,Q2
141260,0.5231917144607161,Q1
141261,0.5195810210351666,Q1
141263,0.8965754420299875,Q3
141264,0.6444444444444445,Q2
141266,0.5155997785385101,Q1
141267,0.8862792260620423,Q3
141270,1.1386926451996728,Q5
141271,0.9277879341864718,Q4
141272,0.8635489484802675,Q3
141274,1.1596791554336634,Q5
141278,1.16,Q5
141282,0.4153627523750201,Q1
141283,0.924570977112953,Q3
141285,0.7733524284550236,Q2
141286,0.8961709935458949,Q3
141290,0.44123240775960443,Q1
141291,0.7169851550437275,Q2
141292,1.1174218456348584,Q5
141293,0.47871416159860986,Q1
141294,0.2552102335499303,Q1
141295,0.8668915993760277,Q3
141296,0.8905726252196385,Q3
141297,0.9831950579452658,Q4
141298,0.990293784681625,Q4
141299,0.6782834778038623,Q2
141308,1.16,Q5
141309,0.8368068954031999,Q3
141311,0.5932365914466534,Q1
141312,0.7319237316542554,Q2
141315,1.16,Q5
141318,0.5638625666008648,Q1
141321,0.8961709935458949,Q3
141324,0.6881529063893291,Q2
141328,0.6881529063893291,Q2
141330,0.6239414478592034,Q1
141331,1.1090875978874521,Q5
141332,0.6239414478592034,Q1
141334,0.6881529063893291,Q2
141336,0.45466765492895816,Q1
141338,1.09147935180345,Q5
141339,0.9186850899665813,Q3
141340,0.7177031982448849,Q2
141341,1.5503415503415505,Q5
141342,0.8528954483138925,Q3
141344,0.6297142857142857,Q1
141346,1,Q4
141348,0.9906107253892924,Q4
141349,0.7866099328981714,Q2
141351,0.7396950175093038,Q2
141352,0.613387290302121,Q1
141353,0.7976013618397337,Q3
141355,1.0452044457957774,Q4
141356,1.0102237986809757,Q4
141357,0.8465414567109483,Q3
141358,0.6492005369668934,Q2
141360,0.834318006678654,Q3
141362,0.9790685250837744,Q4
141363,0.7198601650943668,Q2
141364,0.9749016312029645,Q4
141365,1.0734735583874762,Q4
141366,0.26757224322419426,Q1
141369,1.2318584070796461,Q5
141370,0.6452277847124859,Q2
141374,0.2918530269356909,Q1
141376,0.6919922117734787,Q2
141378,0.7523917626074266,Q2
141379,0.8207829475266936,Q3
141380,0.6376675862490202,Q2
141381,0.5873711666465499,Q1
141383,1.0118359560601655,Q4
141384,0.9331009518702239,Q4
141385,0.7051433588869,Q2
141387,1.097445600756859,Q5
141388,1.0791115934726152,Q5
141389,1.0544655707900916,Q4
141390,1.16,Q5
141394,0.2552102335499303,Q1
141395,1.0615535461379235,Q4
141396,0.9294517150597122,Q4
141401,1,Q4
141402,0.8862008594620404,Q3
141403,1.16,Q5
141405,0.5378994100624286,Q1
141406,1.16,Q5
141408,0.6873092203759251,Q2
141409,0.7175040174646008,Q2
141411,0.848780487804878,Q3
141412,1.1274568624157046,Q5
141413,0.44855837784276287,Q1
141414,0.9047022418966395,Q3
141415,0.8239367841605256,Q3
141417,0.99475758647417,Q4
141418,0.7485761595201588,Q2
141419,0.6011314399228433,Q1
141421,0.8433919022154316,Q3
141422,0.8433919022154316,Q3
141424,0.2552102335499303,Q1
141427,0.7817061774651212,Q2
141429,1.1225806451612903,Q5
141431,1.1767606675637023,Q5
141432,0.7989744963361204,Q3
141433,0.9854727720669442,Q4
141434,0.620254518233344,Q1
141435,0.6112434544915636,Q1
141436,0.6205843489201818,Q1
141438,0.635056946874631,Q1
141441,0.7305360938361017,Q2
141442,0.8535949716388165,Q3
141443,0.6105263157894737,Q1
141446,1.16,Q5
141447,0.8040415350368564,Q3
141448,0.6992032247734936,Q2
141449,1.0134834634369279,Q4
141450,0.545036974429114,Q1
141452,0.2552102335499303,Q1
141453,0.6571574321657265,Q2
141454,0.5835953642979067,Q1
141455,0.6546219925739009,Q2
141456,0.5427006374393263,Q1
141457,1.0933081998114986,Q5
141459,0.5962450628528144,Q1
141460,0.8879765362263577,Q3
141461,0.7594913029516027,Q2
141462,0.764085773019319,Q2
141464,0.8730895938305492,Q3
141465,0.2552102335499303,Q1
141466,1.0107815435129206,Q4
141469,0.7487958687124485,Q2
141476,1.2046733016010385,Q5
141478,0.956878982952156,Q4
141479,1.154170854271357,Q5
141480,0.764085773019319,Q2
141484,0.4225480375193516,Q1
141489,0.9698996655518395,Q4
141494,0.7546901096624675,Q2
141495,0.747569693621289,Q2
141498,0.9101083407368094,Q3
141501,1.6115748888355956,Q5
141502,0.6873225527712629,Q2
141509,1.0856494611457743,Q5
141516,0.6323874067680204,Q1
141517,0.6468936703666887,Q2
141518,1.1139607795557014,Q5
141520,1.077724700180395,Q5
141521,0.9707556493948408,Q4
141523,1.1418415476109098,Q5
141524,0.4681024983056635,Q1
141525,0.9579519647649852,Q4
141526,0.9326008307651079,Q4
141527,0.6936264968311558,Q2
141529,1.1362533026872597,Q5
141530,0.9117788186907346,Q3
141531,0.7357399924081166,Q2
141532,0.6680409333555061,Q2
141533,0.6131050979430637,Q1
141534,0.5253036675969968,Q1
141536,0.6158998550103126,Q1
141537,0.9666666666666667,Q4
141538,0.9174244347996332,Q3
141539,0.7148175725986597,Q2
141540,0.9020895477530412,Q3
141541,1.006749298527962,Q4
141542,0.6940351625226513,Q2
141543,0.7213369607462107,Q2
141544,0.6392574653069009,Q2
141547,0.4971513120971445,Q1
141548,0.6624852919435291,Q2
141549,0.6309981738353344,Q1
141550,0.6636835869427883,Q2
141551,0.49599940138003284,Q1
141552,0.539622729281511,Q1
141553,1.152029923379364,Q5
141554,0.847682635416083,Q3
141555,0.751282361271826,Q2
141556,0.3050390612159926,Q1
141558,1.16,Q5
141559,0.8155844938504728,Q3
141560,1.1047619047619048,Q5
141562,1.03834104132478,Q4
141564,0.9701024461634957,Q4
141565,0.8440353621712082,Q3
141566,0.7386836007287779,Q2
141567,0.6558553321737867,Q2
141568,1.0496106459986108,Q4
141571,0.9066367209432903,Q3
141573,0.9457806767223808,Q4
141575,0.7488254772806064,Q2
141577,0.9506378561477313,Q4
141578,1.16,Q5
141585,0.9955504697294011,Q4
141586,0.36826736422290496,Q1
141590,1.16,Q5
141594,1.067668884585147,Q4
141596,0.8287132470586485,Q3
141597,0.6370607969627387,Q2
141598,0.8115353677330559,Q3
141599,1.16,Q5
141606,0.7715074324099631,Q2
141607,0.2552102335499303,Q1
141609,1.16,Q5
141613,1.1559861591695502,Q5
141614,0.9377427565140323,Q4
141618,1.2008281573498965,Q5
141619,1.0947627817356027,Q5
141621,0.9514153898729851,Q4
141622,0.9553222153592753,Q4
141623,0.83940301078974,Q3
141625,1.0188073533420152,Q4
141628,1.16,Q5
141630,1.080325960419092,Q5
141632,1.0145060545367186,Q4
141634,1.0896969696969696,Q5
141637,0.7447470817120622,Q2
141638,1.0295401091667529,Q4
141639,0.929890777915094,Q4
141643,1.16,Q5
141648,0.9171773077683336,Q3
141650,0.45384891265364674,Q1
141653,0.35661226369258103,Q1
141661,1.0123636363636364,Q4
141664,0.8559270104255676,Q3
141665,1.16,Q5
141666,0.9088603335400903,Q3
141668,0.8215539882550831,Q3
141669,0.7044806046117066,Q2
141671,0.8250355618776671,Q3
141672,1.0967999495724161,Q5
141678,1.1016841838672913,Q5
141679,1.5190255941038706,Q5
141681,1.0619469026548674,Q4
141688,1,Q4
141691,0.9228117472874726,Q3
141693,0.3924443191429377,Q1
141694,0.8777149146188372,Q3
141695,1.16,Q5
141696,1.102661596958175,Q5
141698,0.916734353390556,Q3
141700,1.16,Q5
141712,1.1006997983631834,Q5
141713,1.16,Q5
141725,0.7590279026882947,Q2
141742,1.16,Q5
141749,1.16,Q5
141759,1.1058589870903675,Q5
141761,0.7590279026882947,Q2
141762,1.16,Q5
141764,1.0529283538367382,Q4
141772,0.9704275080396699,Q4
141780,0.5444624801986975,Q1
141784,1.16,Q5
141797,1.16,Q5
141799,0.3401551713604985,Q1
141800,0.7204811346524892,Q2
141802,0.6738556949136854,Q2
141805,1.1523536533625838,Q5
141806,0.264138730177347,Q1
141807,0.6677449297516663,Q2
141811,0.7224089274393084,Q2
141812,0.2552102335499303,Q1
141813,1.1508703803963718,Q5
141814,0.6558035211339731,Q2
141818,0.8932908740873482,Q3
141820,1.0383376737941032,Q4
141822,0.7356784061240764,Q2
141829,0.7950836145164533,Q3
141830,0.6855540524539385,Q2
141833,0.689339522577667,Q2
141836,0.635838517490006,Q1
141838,0.2584115773667101,Q1
141839,0.610162062121784,Q1
141841,1.1599516686804716,Q5
141843,0.41831380505255444,Q1
141844,0.5536981716565583,Q1
141847,0.7142936981078777,Q2
141848,0.651685393258427,Q2
141850,0.9358612343686971,Q4
141854,0.8479343012212135,Q3
141858,1.3900886281363125,Q5
141860,0.3806175660631628,Q1
141861,0.5835953642979067,Q1
141865,0.5590621050425283,Q1
141866,0.48666878230608285,Q1
141868,0.9189715079916608,Q3
141871,1.029871077526116,Q4
141872,0.9924789427740619,Q4
141873,0.5769683586333159,Q1
141876,0.6143071153901203,Q1
141880,0.8166458072590739,Q3
141881,0.5835953642979067,Q1
141885,0.6770757332555085,Q2
141887,0.6936439228088592,Q2
141888,0.610162062121784,Q1
141889,0.7664545968755161,Q2
141892,1.0986678827315859,Q5
141893,0.2552102335499303,Q1
141894,0.9884357881923311,Q4
141901,0.9506738492801411,Q4
141905,0.9588097534095605,Q4
141908,0.949797519097925,Q4
141909,0.9690039400591242,Q4
141910,1.3087307915968787,Q5
141911,0.7257697558016077,Q2
141914,0.8821648528284929,Q3
141917,0.6137218661962481,Q1
141919,0.7140717534385863,Q2
141922,0.7700783263335992,Q2
141924,0.2809241975564439,Q1
141926,0.7727407304202443,Q2
141927,1.0618550933954445,Q4
141928,0.8686806912002397,Q3
141929,0.5660101166176016,Q1
141930,0.8608427848758827,Q3
141934,0.556127086225667,Q1
141936,0.6179470101560242,Q1
141937,0.8011996183032671,Q3
141938,0.6673101138390147,Q2
141942,0.5188297122202015,Q1
141943,1.0025688425803663,Q4
141944,0.9385934219734079,Q4
141946,1.0171720862257947,Q4
141948,0.677352785697381,Q2
141950,0.9719991620696878,Q4
141951,0.6451014922606358,Q2
141953,1.430810741359373,Q5
141955,0.9206969843052607,Q3
141958,0.5459123245982133,Q1
141959,0.9201810898253129,Q3
141960,0.9750554539440401,Q4
141962,1.1514304458199036,Q5
141963,0.9778150189536957,Q4
141964,0.7300763118558729,Q2
141965,0.8084210526315789,Q3
141969,1.1121570970532144,Q5
141971,0.4303646626736687,Q1
141972,0.7060699497338092,Q2
141974,0.8579821218503674,Q3
141976,0.5566552696298962,Q1
141978,0.8356244972446002,Q3
141979,0.7548532785282629,Q2
141981,0.9290558793803751,Q4
141982,0.6604442499756181,Q2
141983,1.16,Q5
141984,1.1080345009921595,Q5
141989,0.9666666666666667,Q4
141990,0.8679347801882128,Q3
141994,0.9881491452122191,Q4
141997,0.8201260826017793,Q3
142001,0.75,Q2
142003,0.7109839875373496,Q2
142008,1.1482665635062408,Q5
142009,0.8462164361269324,Q3
142010,0.8668131868131869,Q3
142012,1,Q4
142015,0.573566495805383,Q1
142017,0.9877656310655296,Q4
142018,0.9471857740680677,Q4
142019,1.1394548298012588,Q5
142020,1.009573542210618,Q4
142022,0.9735343656931712,Q4
142026,0.6900397813882589,Q2
142027,0.5583964259926274,Q1
142028,0.8925702129585624,Q3
142030,0.9162247438880244,Q3
142031,0.5464278067232888,Q1
142033,1.0693160576652243,Q4
142037,0.7824928468236525,Q2
142040,0.8507777404272224,Q3
142042,0.7600732138522664,Q2
142043,1.3107961768444842,Q5
142044,1.0809971266599363,Q5
142051,1.0065491808358986,Q4
142053,0.9511300743260171,Q4
142054,1.6115748888355956,Q5
142057,1.115039994507192,Q5
142058,0.9986488587041,Q4
142065,0.6799331789806864,Q2
142068,0.5142396560988716,Q1
142069,0.7737140497705219,Q2
142070,1.0449404464017615,Q4
142071,0.8016182091722515,Q3
142073,0.7517989611297317,Q2
142074,1.0129663932257211,Q4
142080,1.0523232189599614,Q4
142085,0.9389544688026982,Q4
142086,0.8565451039914673,Q3
142087,0.9256916482865744,Q3
142088,0.256570944077856,Q1
142091,0.75,Q2
142092,0.5877633745724782,Q1
142095,1.0361658460851348,Q4
142097,0.7429547395388557,Q2
142098,0.7369791092188568,Q2
142099,1.3527696793002915,Q5
142100,0.6081993990602754,Q1
142104,0.8793985722408239,Q3
142108,0.6087374819609044,Q1
142110,0.5364833746037557,Q1
142113,0.5585762725466985,Q1
142116,0.8793836150655675,Q3
142117,1.1931428571428573,Q5
142121,1.018263392748287,Q4
142123,0.8,Q3
142124,0.6586373021335168,Q2
142143,0.9682636292496305,Q4
142144,0.7985772474327348,Q3
142145,0.47744157171570273,Q1
142155,1.0526754628772315,Q4
142160,1.2778144965851508,Q5
142167,0.5681999233656945,Q1
142168,0.8454020518378712,Q3
142170,0.5272727272727272,Q1
142177,1.0870147255689424,Q5
142178,0.6114112531295296,Q1
142179,0.8661187055507507,Q3
142186,0.8612880711602144,Q3
142191,0.8417623795106651,Q3
142193,0.6260118726389639,Q1
142197,0.7742366093776072,Q2
142198,1.0545454545454545,Q4
142200,1.16,Q5
142201,0.9834154612409262,Q4
142209,1.1288856911742382,Q5
142212,0.4645853775757454,Q1
142218,1.16,Q5
142221,0.6874753062030818,Q2
142222,0.7582938388625592,Q2
142229,0.9217118767519368,Q3
142231,0.534495707907311,Q1
142232,1.2253521126760563,Q5
142239,1.0945977824958717,Q5
142247,0.861371036192641,Q3
142249,0.36936597481306155,Q1
142250,1.1038523935204243,Q5
142251,0.5114222051325086,Q1
142253,0.8192397207137316,Q3
142255,0.583061070620759,Q1
142256,1.16,Q5
142257,0.7748974782431203,Q2
142262,1.0154950538387464,Q4
142269,0.8530364912457779,Q3
142270,0.7205254803805365,Q2
142271,0.3050390612159926,Q1
142273,0.7924807242727281,Q3
142278,0.35661226369258103,Q1
142279,0.7274954053525571,Q2
142281,0.4192366258042056,Q1
142282,1.1552465752105632,Q5
142283,0.6297127863981277,Q1
142284,0.5661067957216641,Q1
142287,0.8100581407866371,Q3
142289,0.7030595449602777,Q2
142290,0.5497762161414951,Q1
142293,0.5640516798013434,Q1
142294,0.8527135174870154,Q3
142296,0.6120295462539571,Q1
142299,0.6578826268540883,Q2
142302,0.5154243648902896,Q1
142304,0.7055365017148456,Q2
142306,1.0244656356123767,Q4
142307,0.43471042232942925,Q1
142311,0.9952572749588884,Q4
142312,0.7608314886449179,Q2
142315,0.6776345632571776,Q2
142317,0.5807373836516103,Q1
142325,0.6258936520355033,Q1
142326,0.26042950500572265,Q1
142327,0.7844325085850137,Q2
142328,0.7976013618397337,Q3
142329,0.4751416048076363,Q1
142330,1.0141823155081215,Q4
142332,0.6846593346258771,Q2
142333,0.37718439198631837,Q1
142336,0.2552102335499303,Q1
142338,0.7040902471238043,Q2
142339,0.7386836007287779,Q2
142340,0.48826085377958484,Q1
142342,0.44619777130074617,Q1
142343,0.7093174348391041,Q2
142344,0.3379912345664024,Q1
142345,1.0027839617774597,Q4
142347,0.38926226331930236,Q1
142350,1.1562970962038235,Q5
142351,1.1349021126545253,Q5
142352,0.5179083942086531,Q1
142353,0.44315663370014885,Q1
142354,0.378997427569078,Q1
142355,0.3294008790191996,Q1
142359,0.7036462896812024,Q2
142360,1.0637830402262067,Q4
142363,0.4182692307692308,Q1
142370,0.933664229659937,Q4
142373,1.133089133089133,Q5
142376,1.16,Q5
142379,1.2310204081632652,Q5
142382,0.872617853560682,Q3
142383,0.5311295705670185,Q1
142384,0.8193950402381492,Q3
142385,0.8523907544619095,Q3
142387,0.8703699072105644,Q3
142388,1.0458105595311884,Q4
142389,0.7881231737940428,Q2
142390,0.31913453243333306,Q1
142395,1,Q4
142396,1.1449879359508663,Q5
142397,0.7732426443812146,Q2
142400,0.6496000000000001,Q2
142404,0.9334624841666046,Q4
142406,0.5528278674897757,Q1
142407,0.581868585227197,Q1
142411,0.7300763118558729,Q2
142413,1.0697570759973256,Q4
142417,1.1,Q5
142418,0.763032395987502,Q2
142419,1.1248484848484848,Q5
142421,0.9064467115259388,Q3
142422,0.4596498268946966,Q1
142423,0.957600495310601,Q4
142426,1.008695652173913,Q4
142428,0.7721836376949875,Q2
142429,0.8452061502301439,Q3
142430,0.978811915773906,Q4
142433,1.063719727251352,Q4
142436,0.4559737758924456,Q1
142437,0.8731926104820751,Q3
142440,0.6155070637394707,Q1
142443,1.16,Q5
142444,1.1564954682779456,Q5
142448,0.9620014052223591,Q4
142449,1.16,Q5
142450,0.7104658746136615,Q2
142451,0.44314274799439707,Q1
142452,0.7306741413791474,Q2
142454,1.4652631578947368,Q5
142455,0.6850663411945352,Q2
142458,0.6642076985107814,Q2
142460,0.6139414613369356,Q1
142463,0.7045104866790832,Q2
142466,0.9570722076799544,Q4
142468,0.9393102589124431,Q4
142469,1,Q4
142474,0.7748974782431203,Q2
142476,0.534008516515134,Q1
142481,1.1285539335959003,Q5
142485,0.48291675475257345,Q1
142487,0.8426579665077868,Q3
142492,1.1320243247883328,Q5
142493,0.8539577928906962,Q3
142498,0.5141843971631206,Q1
142499,0.8436363636363636,Q3
142501,0.8632022820290215,Q3
142502,0.8461538461538461,Q3
142503,1.1592398843740617,Q5
142505,1.1877639831050812,Q5
142512,0.9666666666666667,Q4
142514,1.0556511761331038,Q4
142516,0.8821292775665399,Q3
142521,0.8162158398352323,Q3
142522,0.9175440755128228,Q3
142524,1.0943396226415094,Q5
142527,1.0343098099678636,Q4
142530,0.9691722358876103,Q4
142531,0.5523809523809524,Q1
142535,0.4042873936795519,Q1
142539,1.0006058676743923,Q4
142540,0.7483870967741936,Q2
142543,0.9040722218614016,Q3
142544,1.023292538491907,Q4
142545,0.6603016183793438,Q2
142546,0.8021513638109874,Q3
142548,1.0731907894736843,Q4
142552,1.16,Q5
142556,0.35661226369258103,Q1
142557,0.7630219396215039,Q2
142558,0.9305255151760037,Q4
142559,1.0710026544246825,Q4
142560,0.6176567437102842,Q1
142562,0.6252349562114855,Q1
142563,0.5093863212207707,Q1
142568,1.1673173504281469,Q5
142571,1.0197802197802197,Q4
142572,0.943089430894309,Q4
142573,1.0707692307692307,Q4
142576,0.9184481393507522,Q3
142580,1.16,Q5
142583,0.9373447358986071,Q4
142584,1.1371619965689077,Q5
142585,0.9038608885368102,Q3
142586,0.763032395987502,Q2
142588,1.0435287289611144,Q4
142592,0.7701138296842367,Q2
142594,0.7882070931088504,Q2
142595,1.0283687943262412,Q4
142596,0.5290333089013763,Q1
142597,0.5718830729183785,Q1
142599,1.112720852056004,Q5
142604,1.0545454545454545,Q4
142605,0.551458208156986,Q1
142607,0.8339623997986987,Q3
142608,0.8358003226665414,Q3
142614,0.7733333333333333,Q2
142615,0.8937904677760284,Q3
142616,0.9408583981074687,Q4
142619,1.16,Q5
142622,1.1858470741911666,Q5
142623,0.8287957219873319,Q3
142628,1.094655167894309,Q5
142630,0.7045586259082202,Q2
142634,0.8093258524957121,Q3
142638,1.16,Q5
142641,0.7805665836753919,Q2
142642,0.40427509293680297,Q1
142644,0.8567309962267436,Q3
142645,1.087036774101945,Q5
142647,0.8870588235294118,Q3
142648,1.1540200777787828,Q5
142649,0.9508964335173604,Q4
142650,0.8130814736452698,Q3
142651,1.0947890905595414,Q5
142655,0.7976013618397337,Q3
142658,1.16,Q5
142660,0.8476216725529282,Q3
142662,1.475022706630336,Q5
142663,1.160338432042679,Q5
142664,0.9027432499621696,Q3
142668,0.6893477937899272,Q2
142672,1.0952485028631376,Q5
142673,1.1206601590017107,Q5
142674,1.16,Q5
142675,0.9216517742940293,Q3
142686,0.8923076923076924,Q3
142688,1.0166552879348396,Q4
142690,0.9896379503403658,Q4
142692,0.7466224370439594,Q2
142693,1.2214276312903085,Q5
142696,1.1133105392597924,Q5
142697,0.7969747023511327,Q3
142698,0.8779498357628324,Q3
142701,1.2433884376615008,Q5
142702,0.9688899648952911,Q4
142703,1.077050965889815,Q5
142704,0.49714285714285716,Q1
142705,0.9480951663761588,Q4
142706,0.562083585705633,Q1
142709,0.44322740877539324,Q1
142710,1.090758239225628,Q5
142712,0.6486219959613623,Q2
142713,1.1459808344584583,Q5
142715,1.083605791686128,Q5
142716,1.0841121495327102,Q5
142717,0.9476787553724293,Q4
142719,1.152994683815003,Q5
142724,0.9485842788510682,Q4
142728,0.9516430427054373,Q4
142730,1.1166923788954026,Q5
142731,1.16,Q5
142737,1.1181621013736043,Q5
142738,0.36406751290277584,Q1
142739,0.40960193703379094,Q1
142740,0.5419997923372443,Q1
142745,0.8854468978348852,Q3
142747,0.9337857364228762,Q4
142755,1.1386948542487658,Q5
142756,0.42601898722555137,Q1
142757,0.5022475457401867,Q1
142758,1.0235604019152829,Q4
142759,0.9093581577658011,Q3
142760,1.098203191258555,Q5
142765,1.16,Q5
142766,1.0362154315703278,Q4
142773,0.9810186055252772,Q4
142777,0.4314289145704113,Q1
142780,0.8188235294117647,Q3
142781,0.9367429340511441,Q4
142783,0.8923076923076924,Q3
142784,1.055865286153146,Q4
142785,0.7101316192225283,Q2
142786,0.6944849263055072,Q2
142788,0.658747811272538,Q2
142790,0.8308587629635157,Q3
142793,1.16,Q5
142796,0.7879245283018868,Q2
142800,0.6034333275533206,Q1
142802,1.005889366622105,Q4
142806,0.43735076033681036,Q1
142808,1.0817671972748584,Q5
142809,0.928,Q4
142812,1.048745573721088,Q4
142813,1.0357142857142858,Q4
142815,1.6115748888355956,Q5
142818,0.9457833542356134,Q4
142819,0.9734265734265735,Q4
142821,1.1517662425162973,Q5
142822,0.9950225047594766,Q4
142823,0.9259441356292984,Q3
142826,0.5897805270739768,Q1
142827,0.7492143930643017,Q2
142831,1.1562182029611479,Q5
142832,1.0191189390453081,Q4
142833,1.1168612348056324,Q5
142835,0.7726293821185142,Q2
142838,0.41153601679256163,Q1
142840,1.0656651740574896,Q4
142841,0.7228352589900039,Q2
142846,0.941514139180351,Q4
142847,0.9741494271195799,Q4
142848,0.614406779661017,Q1
142850,1.0784149160070757,Q5
142853,0.5838692395248055,Q1
142856,1.392,Q5
142860,0.653632945117629,Q2
142862,0.8636650587197787,Q3
142864,1.0039125182554136,Q4
142866,0.3987910214722608,Q1
142867,1.0606791801071855,Q4
142869,0.7885476647472809,Q2
142875,1,Q4
142883,0.9666666666666667,Q4
142884,0.933776966834818,Q4
142888,0.5572133509949199,Q1
142889,0.7438082770044617,Q2
142890,0.9319764327798608,Q4
142891,0.6582493970775997,Q2
142894,0.8930353938998532,Q3
142895,0.5963440314517431,Q1
142899,0.928519971183863,Q4
142900,1.16,Q5
142911,1.1286486486486487,Q5
142914,0.83655102991331,Q3
142917,0.7300763118558729,Q2
142918,0.6441288411927798,Q2
142919,1.1362533026872597,Q5
142921,1.1136,Q5
142922,0.47871416159860986,Q1
142923,0.8250782212592834,Q3
142930,0.9082525707723627,Q3
142931,0.8573540280857354,Q3
142932,1.0540663334847797,Q4
142935,0.8304569047071158,Q3
142936,1.16,Q5
142940,0.7733333333333333,Q2
142942,0.8957528957528957,Q3
142946,1.16,Q5
142958,0.9256916482865744,Q3
142962,1.1056290648127383,Q5
142964,0.7280062759161716,Q2
142965,0.9824875096838811,Q4
142972,1.011248483701694,Q4
142973,0.3609552868367144,Q1
142974,1.1488505648308946,Q5
142976,1.0054752170584071,Q4
142979,1.1286486486486487,Q5
142981,0.8588385839547888,Q3
142984,0.9604025029057272,Q4
142987,0.6568582545187318,Q2
142991,0.8398637137989777,Q3
143014,1.1109210931354105,Q5
143019,0.8238636363636364,Q3
143021,0.5483121282546185,Q1
143030,1.6115748888355956,Q5
143031,0.8375451263537906,Q3
143032,0.7414114513981358,Q2
143036,0.9378947900348679,Q4
143039,0.735760497272612,Q2
143044,0.9442009140163302,Q4
143049,1.1295165010954362,Q5
143050,0.7266026887431392,Q2
143054,0.9897962811533402,Q4
143055,0.8074662266680417,Q3
143065,1.0461296210142075,Q4
143067,0.6499610894941634,Q2
143069,0.338455823208331,Q1
143070,0.8232107585130164,Q3
143072,0.8192397207137316,Q3
143076,0.77111210208372,Q2
143082,0.7419686688804907,Q2
143083,0.8065357204936555,Q3
143085,0.6678359597798873,Q2
143095,1.0991625005552073,Q5
143101,0.8220205921994193,Q3
143103,1.123990669298403,Q5
143108,0.7574875991544403,Q2
143116,0.6012234515336335,Q1
143117,0.9072910810744751,Q3
143125,1.1095652173913042,Q5
143138,0.895176848874598,Q3
143141,1.0943683010561074,Q5
143142,1.114614299012101,Q5
143158,0.8946045684094452,Q3
143162,0.904885210023944,Q3
143172,0.9017166300788139,Q3
143175,0.9962158825581707,Q4
143177,0.8446788322778526,Q3
143178,0.8899487576200263,Q3
143184,0.9845772468078371,Q4
143191,0.956792081720703,Q4
143201,0.9830508474576272,Q4
143202,0.6601626016260163,Q2
143210,1.061595952919643,Q4
143211,1.1106323902532433,Q5
143218,0.5583176530290163,Q1
143221,1.0867222048735279,Q5
143223,0.9666666666666667,Q4
143228,0.8055089404548348,Q3
143230,1.16,Q5
143245,0.5428699569057972,Q1
143247,1.2727272727272727,Q5
143248,0.9354838709677419,Q4
143251,0.6191034785654322,Q1
143263,0.9825677836569917,Q4
143265,0.7217395622124809,Q2
143268,0.6893025441178503,Q2
143269,1.1352024082629801,Q5
143270,0.888359428182437,Q3
143271,1.5483870967741935,Q5
143276,1.153930326482701,Q5
143279,0.9022431074793398,Q3
143280,0.6015105994409736,Q1
143281,0.9013223247520937,Q3
143283,0.4,Q1
143287,0.749286778030969,Q2
143290,0.5124132962415663,Q1
143296,0.915247550792294,Q3
143299,0.9797297297297297,Q4
143300,0.4903825829634327,Q1
143301,0.9081624715509173,Q3
143304,0.90200716032982875,Q3
143305,0.2552102335499303,Q1
143306,0.7592545302633242,Q2
143314,1.0820895522388059,Q5
143316,1.5466666666666666,Q5
143317,1.6115748888355956,Q5
143323,0.9201810898253129,Q3
143331,1.1029528286936772,Q5
143333,0.870571312423778,Q3
143340,0.8074245939675174,Q3
143342,0.7646204362633205,Q2
143349,0.8757849702527241,Q3
143352,0.8707455758993639,Q3
143354,1.0393974183070591,Q4
143360,1.16,Q5
143362,1.0793722748772763,Q5
143367,0.7856495453232537,Q2
143368,0.6146238078417521,Q1
143371,1.16,Q5
143374,1.3632579776381293,Q5
143375,0.7689358245329001,Q2
143378,1.16,Q5
143379,1.2654545454545454,Q5
143386,1.1175137815995575,Q5
143387,1.146832662028561,Q5
143388,0.9086853872683951,Q3
143391,0.8592592592592593,Q3
143392,0.8559569561875481,Q3
143397,0.6157189243608688,Q1
143400,1.16,Q5
143402,1.157952904686358,Q5
143405,0.7019531022711845,Q2
143409,0.8619659155157096,Q3
143415,0.8703916762543145,Q3
143416,1.0816691273603232,Q5
143421,0.647883827727442,Q2
143424,1.008695652173913,Q4
143433,0.7019116559467515,Q2
143455,1.2304972375690608,Q5
143461,1.1175000752626667,Q5
143463,1.16,Q5
143464,0.9383799256389913,Q4
143470,1.153759211537592,Q5
143471,1.0384959713518354,Q4
143472,1.0527184225723951,Q4
143474,1.0384959713518354,Q4
143476,1.6115748888355956,Q5
143485,1.1076482368075542,Q5
143503,1.1222910216718265,Q5
143513,0.8476765884149127,Q3
143517,0.2552102335499303,Q1
143519,0.8057109781979548,Q3
143521,0.6502459757036244,Q2
143522,0.6482634967575183,Q2
143523,0.2554278416347382,Q1
143524,0.44027490256257706,Q1
143527,0.4097100094922039,Q1
143529,0.9275803803041481,Q4
143534,1.1136,Q5
143535,0.723742433360473,Q2
143536,0.5282380854522017,Q1
143538,0.847682635416083,Q3
143539,0.8714542392617681,Q3
143540,1.0545454545454545,Q4
143543,1.0383384157905118,Q4
143544,1.16,Q5
143556,0.5956290583113146,Q1
143558,1.083437110834371,Q5
143561,0.4926030720132802,Q1
143565,0.6333654363866623,Q1
143568,0.9847198641765704,Q4
143569,0.5773882139916159,Q1
143570,1.029097383514974,Q4
143580,0.7409641760854523,Q2
143585,0.6354782608695653,Q1
143595,0.943089430894309,Q4
143598,0.8668915993760277,Q3
143602,0.45809063086188173,Q1
143605,0.9924558737684537,Q4
143611,1.0187204519840165,Q4
143616,1.0185365853658537,Q4
143618,1.0926788424302685,Q5
143620,1.0077861218794633,Q4
143621,0.6379310344827587,Q2
143624,0.46450514934991805,Q1
143625,0.8718526869597896,Q3
143630,0.9105101312803124,Q3
143632,1.0335994059773528,Q4
143636,0.7291444104580174,Q2
143638,1.0603021454868604,Q4
143640,0.9955504697294011,Q4
143643,0.8313053345078308,Q3
143649,1.0128915677262087,Q4
143660,1.04,Q4
143663,1.1268061682923867,Q5
143666,1.3524337978906007,Q5
143667,0.9784463202826963,Q4
143672,1.6115748888355956,Q5
143675,0.6255737957511829,Q1
143677,1.0063802483416777,Q4
143679,0.9318516535011381,Q4
143681,0.9055072011240779,Q3
143688,1.077140338319787,Q5
143692,0.8506172917549039,Q3
143695,0.6092436974789915,Q1
143700,0.7138461538461538,Q2
143702,0.4618036836711118,Q1
143704,0.8646895546103371,Q3
143710,0.9418669249725787,Q4
143714,0.8592592592592593,Q3
143715,0.7109839875373496,Q2
143721,0.8741528330073635,Q3
143729,0.2560753509078533,Q1
143737,0.4303646626736687,Q1
143741,1.1530815109343937,Q5
143742,1.16,Q5
143748,1.0435564884923907,Q4
143755,0.6571650068578925,Q2
143757,0.5,Q1
143762,0.9555722406950552,Q4
143765,0.6823529411764706,Q2
143767,1.0260899210806378,Q4
143769,1.159675566954483,Q5
143782,0.8416406551132541,Q3
143783,1.2654545454545454,Q5
143786,1.16,Q5
143789,1.16,Q5
143803,1.1305834185528798,Q5
143806,0.603871462689566,Q1
143807,1.0347903657448707,Q4
143810,0.9270824261115921,Q4
143816,1.0991625005552073,Q5
143822,0.9483903934593766,Q4
143828,1.0585265698705542,Q4
143846,0.7768724187967407,Q2
143847,0.8287957219873319,Q3
143849,0.9826782887843591,Q4
143858,1.1207729468599035,Q5
143861,0.8649723482259367,Q3
143862,0.975313543685919,Q4
143872,0.716636134695331,Q2
143877,1.031288495321857,Q4
143880,1.1414854518752655,Q5
143881,0.791242105263158,Q3
143883,0.8452885184679145,Q3
143884,1.051121347126784,Q4
143886,1.0116279069767442,Q4
143887,0.7265388496468215,Q2
143890,1.5997012052346544,Q5
143893,0.7359757494580638,Q2
143900,0.4817109042461155,Q1
143901,0.9775473448110189,Q4
143909,1.16,Q5
143926,0.5667270578402153,Q1
143928,0.8735396554789722,Q3
143934,1.086266200049223,Q5
143937,0.42210481773435676,Q1
143938,1.0171473109898674,Q4
143939,0.4831540378895852,Q1
143943,0.6490619997202319,Q2
143947,0.37718439198631837,Q1
143949,0.2643929784208672,Q1
143950,0.2643929784208672,Q1
143952,0.9745851711825246,Q4
143953,0.7072535311868117,Q2
143956,0.7418263209784434,Q2
143957,1.1047619047619048,Q5
143962,0.9027432499621696,Q3
143965,0.7793776883687623,Q2
143976,1.1351072961373392,Q5
143978,0.7079782262055315,Q2
143979,1.1751794005909666,Q5
143980,0.5261212833865279,Q1
143981,1.0238305383936452,Q4
143982,0.6511457073655834,Q2
143985,1.2044908819521059,Q5
144004,0.6036783318940039,Q1
144009,0.8872715472782691,Q3
144010,0.799044819985305,Q3
144011,0.9535150857299428,Q4
144012,1.0292337125798312,Q4
144013,1.16,Q5
144016,1.0875,Q5
144020,0.2584115773667101,Q1
144022,1.2428571428571429,Q5
144026,1.552293731443148,Q5
144027,0.7664833720863296,Q2
144031,1.16,Q5
144034,0.556038654765014,Q1
144035,0.8519319433677425,Q3
144036,0.8228124581003171,Q3
144037,1.0909945920526687,Q5
144038,1.1413812188672283,Q5
144041,1.16,Q5
144042,0.8854910623926533,Q3
144043,0.91944636262647494,Q3
144047,1.089478936349228,Q5
144048,1.1295034079844206,Q5
144049,0.531444226546918,Q1
144057,0.5923114668907089,Q1
144059,1.1871472646549779,Q5
144060,0.9511611812423895,Q4
144061,1.16,Q5
144064,1.0520746731161665,Q4
144066,0.8505066904082327,Q3
144085,0.804159445407279,Q3
144090,0.8536153280095936,Q3
144092,1.16,Q5
144098,1.008695652173913,Q4
144101,1.1586321703544427,Q5
144103,0.9666666666666667,Q4
144120,1.3036963036963036,Q5
144121,0.2552102335499303,Q1
144126,1.3036963036963036,Q5
144127,1.2210526315789474,Q5
144128,1.6115748888355956,Q5
144131,1.16,Q5
144136,0.7966069623729111,Q3
144143,1.1525397620056226,Q5
144145,0.7968372658807534,Q3
144147,1.1590892869887945,Q5
144149,1.3131868995770508,Q5
144150,0.5620818398116455,Q1
144151,1.0646718051457165,Q4
144156,1.132686802334613,Q5
144157,0.9904380213892096,Q4
144160,0.8814450125852871,Q3
144164,1.204917950920368,Q5
144171,1.0459284305438152,Q4
144174,0.6541722277572044,Q2
144176,0.7768724187967407,Q2
144182,0.8442503639010189,Q3
144186,1.0004531037607611,Q4
144187,1.069062020957302,Q4
144194,1.16,Q5
144196,1.16,Q5
144197,0.8321178355371702,Q3
144200,1.6115748888355956,Q5
144202,0.8923076923076924,Q3
144204,0.5137194840662078,Q1
144208,1.0356644244193425,Q4
144209,1.0707692307692307,Q4
144214,0.7428350197239691,Q2
144225,1.16,Q5
144227,1.0548314535041399,Q4
144229,0.9915836488426182,Q4
144231,0.41964727922651224,Q1
144237,1.0974095510895916,Q5
144241,1.1094765511493283,Q5
144247,0.6361282656963799,Q2
144255,0.5732011969143767,Q1
144256,0.7413324812270331,Q2
144257,0.8093317344380246,Q3
144258,1.1193384752497806,Q5
144259,0.8764444444444445,Q3
144262,0.9878155226126017,Q4
144265,0.7138003974104224,Q2
144268,0.8005428969070979,Q3
144271,1.00918761451564,Q4
144274,1.1463529411764706,Q5
144280,0.6644315291853458,Q2
144281,0.9517922686023422,Q4
144285,1.0741459048187378,Q4
144291,0.7852218679302421,Q2
144302,0.2784,Q1
144305,0.8569786849809834,Q3
144309,0.973630831643002,Q4
144315,1.16,Q5
144316,1.16,Q5
144321,0.6907331596576107,Q2
144324,0.6511457073655834,Q2
144325,1.4881823714205824,Q5
144330,1.1944909254730338,Q5
144338,0.9789029535864979,Q4
144339,0.7977534529199382,Q3
144342,0.9041309431021044,Q3
144343,0.82784140969163,Q3
144346,0.7178365890385529,Q2
144347,0.9103177670104932,Q3
144348,1.1353882873637375,Q5
144349,0.9095101927866434,Q3
144350,0.9023840318250381,Q3
144353,0.9957081545064378,Q4
144354,0.792902610255899,Q3
144355,0.8631414583550594,Q3
144358,0.845130783845945,Q3
144362,1.0964371045238532,Q5
144364,0.9476522007497709,Q4
144366,0.9445545615256871,Q4
144368,0.5862780609021606,Q1
144371,0.8097731239092496,Q3
144374,0.9691456155211827,Q4
144376,0.8531377327129289,Q3
144380,1.16,Q5
144381,0.8509104948201531,Q3
144386,0.5428699569057972,Q1
144389,0.7776867331410754,Q2
144390,1.121710501070598,Q5
144391,0.8900418348892014,Q3
144395,1.1277777777777778,Q5
144400,0.851063829787234,Q3
144401,0.8246445497630331,Q3
144402,0.7138461538461538,Q2
144403,0.8923076923076924,Q3
144405,0.9574833961312412,Q4
144406,0.5543587098340261,Q1
144414,0.9487658075204999,Q4
144415,0.9247172537491903,Q3
144416,0.9436648362822859,Q4
144425,0.7492143930643017,Q2
144427,1.1190235340617527,Q5
144430,0.5990750088501166,Q1
144433,1.16,Q5
144441,0.6582493970775997,Q2
144442,0.7550080755972325,Q2
144444,1.1546405434773592,Q5
144445,0.9821171745678543,Q4
144446,1.1541838187954816,Q5
144448,0.9950352213355514,Q4
144449,0.9003104518799586,Q3
144453,0.9096057503811805,Q3
144454,0.9666666666666667,Q4
144459,1.1158484345957103,Q5
144464,1.217173336442333,Q5
144465,1.16,Q5
144470,1.1351399731490228,Q5
144471,0.9080127140756203,Q3
144475,1.1681118881118882,Q5
144481,0.7731901499722275,Q2
144491,1.0564588782432829,Q4
144492,0.6678359597798873,Q2
144493,0.721713625455515,Q2
144494,0.8821292775665399,Q3
144495,1.2637228808417733,Q5
144497,1.1045865735597524,Q5
144499,1,Q4
144506,1.008661029941764,Q4
144508,0.7741258907929547,Q2
144511,1.1006651326043635,Q5
144513,1.1337093676486742,Q5
144514,0.806465629616755,Q3
144517,1.018198841359939,Q4
144521,1.16,Q5
144536,1.2369231400185237,Q5
144538,0.8715459565181095,Q3
144539,1.105348572903277,Q5
144542,1.0922787193973635,Q5
144545,0.7970431978731144,Q3
144547,0.7184259421003318,Q2
144552,0.2552102335499303,Q1
144558,0.842113934576047,Q3
144559,0.7579517797839562,Q2
144560,0.8220205921994193,Q3
144563,0.8164222873900293,Q3
144564,0.8174428066878633,Q3
144565,0.5523809523809524,Q1
144570,0.7574408717634906,Q2
144573,0.7492143930643017,Q2
144574,1.16,Q5
144575,1.0601633055545534,Q4
144582,0.4656312615195234,Q1
144586,1.0566037735849056,Q4
144587,1.0899694620624854,Q5
144588,1.0949852507374631,Q5
144595,0.9877944933295487,Q4
144598,1.16,Q5
144599,1.0736432912720204,Q4
144603,0.7309216070823783,Q2
144605,1.1788148089108517,Q5
144611,0.6541722277572044,Q2
144614,0.9602937030216139,Q4
144615,0.978811915773906,Q4
144617,0.3882989604448329,Q1
144618,0.5427006374393263,Q1
144620,1.09183810676348,Q5
144621,0.968482571488207,Q4
144628,1.023292538491907,Q4
144631,0.34946363593402957,Q1
144635,1.0876529511962618,Q5
144636,0.6799331789806864,Q2
144637,0.418004628480369,Q1
144640,1.1059248813236142,Q5
144641,0.6687632244284344,Q2
144645,0.8207419820323046,Q3
144646,1.16,Q5
144648,0.5843767382794052,Q1
144649,1.145679012345679,Q5
144651,1.0139438085327783,Q4
144652,1.6115748888355956,Q5
144654,1.16,Q5
144655,0.8873137087418249,Q3
144657,0.6582493970775997,Q2
144658,0.5450011444542158,Q1
144659,0.8103073579633654,Q3
144661,1.008695652173913,Q4
144663,0.8285714285714286,Q3
144666,1.16,Q5
144668,1.16,Q5
144671,0.5840886203423967,Q1
144675,0.6702958306347345,Q2
144679,0.9016404061150439,Q3
144683,0.7782284865915854,Q2
144687,0.5107105606599822,Q1
144689,0.9445343601977958,Q4
144696,1.0492462311557789,Q4
144698,1.6115748888355956,Q5
144703,1.1297784270757243,Q5
144707,0.9985970169583872,Q4
144712,0.9802080594884891,Q4
144722,0.7035633055344959,Q2
144730,0.9566900722786681,Q4
144732,0.5464587394411956,Q1
144733,0.6603016183793438,Q2
144734,1.057291029314339,Q4
144736,1.0033021625560927,Q4
144741,0.4460251850427761,Q1
144744,0.9696547520571205,Q4
144746,1.0178623136478373,Q4
144747,0.9680223461097138,Q4
144753,1.0825485704589803,Q5
144757,1.0403587443946187,Q4
144761,0.8371757347339722,Q3
144762,0.9542743538767395,Q4
144764,0.8664613852411344,Q3
144765,1,Q4
144766,1.16,Q5
144767,1.16,Q5
144771,0.919175911251981,Q3
144777,1.0539402604784471,Q4
144781,0.9520227062886845,Q4
144782,0.7656318215725841,Q2
144783,1.0097639531678442,Q4
144787,1.580955842267854,Q5
144790,1.1218897453181325,Q5
144795,0.8375199302066725,Q3
144796,0.9881784187370555,Q4
144797,0.851219959640433,Q3
144799,0.9124214892864918,Q3
144805,0.6177514792899409,Q1
144806,0.6303085188829578,Q1
144813,0.5627653123104912,Q1
144820,0.8752067966849656,Q3
144823,0.9098039215686274,Q3
144826,0.9463798860773338,Q4
144831,0.9543561352690125,Q4
144833,0.9755892432875676,Q4
144835,1.2066399872863605,Q5
144838,0.7806005914032995,Q2
144845,0.9745624270711785,Q4
144849,0.7836734693877551,Q2
144850,0.719882088278644,Q2
144853,1.16,Q5
144854,0.7639466920339897,Q2
144855,0.7682702191805394,Q2
144857,1.16,Q5
144859,1.16,Q5
144860,0.5301275175027135,Q1
144864,0.9715242881072027,Q4
144865,0.7916737758061764,Q3
144867,1.0020203571377155,Q4
144870,0.8714542392617681,Q3
144877,1.1047619047619048,Q5
144878,1.0664868757757313,Q4
144884,0.9887114274447756,Q4
144885,0.7186187719494274,Q2
144887,1.0150592758731176,Q4
144889,1,Q4
144891,0.6799531066822978,Q2
144894,1.1305932690714515,Q5
144898,0.776136046835796,Q2
144902,1.16,Q5
144907,0.7168729507493176,Q2
144909,1.002659574468085,Q4
144911,0.8570636948557707,Q3
144913,1.1136,Q5
144914,1.1229333491843787,Q5
144916,0.8454020518378712,Q3
144921,0.9552238805970149,Q4
144924,0.9987945582917169,Q4
144932,0.6970036853068419,Q2
144935,0.8095847388623939,Q3
144940,1.6115748888355956,Q5
144945,1.1106382978723404,Q5
144948,0.8735396554789722,Q3
144953,0.7159388983181608,Q2
144955,0.8645067798364559,Q3
144956,1.6115748888355956,Q5
144960,0.9704236889345905,Q4
144962,0.9464604864402829,Q4
144963,0.43028153584179374,Q1
144966,1.0442741219570137,Q4
144968,1.0033465479071204,Q4
144969,1.16,Q5
144974,1.081207037166492,Q5
144975,0.7889528961492259,Q3
144978,0.8190590758126521,Q3
144982,1.0745263157894738,Q4
144991,1.1121986297265445,Q5
144992,0.7828140816556068,Q2
144993,0.8206579412805094,Q3
144994,1.124394184168013,Q5
144996,0.999569151227919,Q4
145001,1.074851599826263,Q4
145002,0.7062046572979555,Q2
145003,1.5436650956473523,Q5
145009,0.8592592592592593,Q3
145010,1.16,Q5
145015,0.9784525726554713,Q4
145017,0.5768436521972751,Q1
145020,0.9809364487012152,Q4
145023,0.9508196721311475,Q4
145024,0.8971095285663648,Q3
145025,1.062081945115593,Q4
145026,0.868906783041988,Q3
145028,1.090731006562408,Q5
145030,0.7649262274812936,Q2
145034,0.4917164152742944,Q1
145037,0.6702222222222222,Q2
145038,1.2933857997017406,Q5
145041,1.1563033332829893,Q5
145042,0.8693035692995952,Q3
145047,0.8923076923076924,Q3
145048,1.306556639746573,Q5
145053,0.7019116559467515,Q2
145057,0.8360128617363344,Q3
145059,1.1334849830050802,Q5
145063,0.8923076923076924,Q3
145066,1.1225806451612903,Q5
145070,1.033292506402405,Q4
145071,0.8737132814461461,Q3
145075,0.46450514934991805,Q1
145077,0.7778187548194588,Q2
145079,1.16,Q5
145081,1.16,Q5
145084,0.7160493827160493,Q2
145088,0.6980281595970513,Q2
145090,0.8592592592592593,Q3
145094,1.089478936349228,Q5
145097,0.4691410034966508,Q1
145098,0.860800197885103,Q3
145100,1.1062251655629138,Q5
145101,1.1001219346971955,Q5
145104,0.7675341861490957,Q2
145105,0.5935660763342179,Q1
145107,0.7678491838292727,Q2
145112,0.9657165982540326,Q4
145113,0.7615102305300181,Q2
145114,0.7058394012534734,Q2
145116,0.8718526869597896,Q3
145118,0.8913603963399221,Q3
145120,0.7019531022711845,Q2
145123,1.0416912516010188,Q4
145124,0.7132400304503134,Q2
145125,0.8454057380699808,Q3
145131,1.3300936416500588,Q5
145132,0.6149292632555469,Q1
145133,1.01493039330788,Q4
145134,0.7733333333333333,Q2
145135,0.7829183601578388,Q2
145141,0.7519370684852884,Q2
145142,1.0841051135441748,Q5
145146,0.7684168882428167,Q2
145147,0.6823105754871429,Q2
145150,1.16,Q5
145154,0.9366168752523214,Q4
145156,0.7898123287888864,Q3
145158,0.9447261515789066,Q4
145159,0.8640327736569318,Q3
145161,0.9780752018879215,Q4
145163,0.8980645161290323,Q3
145168,0.8217601133462226,Q3
145170,0.9775452518478204,Q4
145172,0.8470115764333632,Q3
145175,0.8450435729847495,Q3
145177,0.7711367619508067,Q2
145178,0.7961018461327294,Q3
145181,1.0630985657334007,Q4
145182,0.8551204188481676,Q3
145185,0.8276313116549159,Q3
145186,0.868173415036435,Q3
145187,0.8765871874691694,Q3
145188,0.387560208257928,Q1
145190,0.5157931547171035,Q1
145191,1.0388006237744531,Q4
145195,1.0611758897585202,Q4
145196,0.9050292269338843,Q3
145198,1.1630165742394336,Q5
145199,0.6996381182147166,Q2
145200,0.7195285847203556,Q2
145204,0.2677489468926119,Q1
145209,0.8186469584991471,Q3
145211,0.7559465623981753,Q2
145212,0.986204473060748,Q4
145218,0.7044890935776102,Q2
145220,0.5521881247818222,Q1
145229,0.8540532249405629,Q3
145247,1.1061665607120152,Q5
145248,1.109466445016282,Q5
145249,1.0451235077708536,Q4
145250,0.8419802372193538,Q3
145251,0.552442681043099,Q1
145252,0.6645977560276916,Q2
145255,0.9380253516531066,Q4
145257,1.16,Q5
145259,0.5307102825117237,Q1
145260,0.9215796616902248,Q3
145267,1.1209018750718969,Q5
145268,0.9275803803041481,Q4
145273,0.6827754921857276,Q2
145277,1.1025160387570294,Q5
145281,0.8214618716583851,Q3
145285,1.0764932767504132,Q5
145291,0.8888888888888888,Q3
145296,1.2654545454545454,Q5
145299,1.1019999999999999,Q5
145302,0.6606720629605979,Q2
145311,1.187308085977482,Q5
145315,0.975058164260876,Q4
145319,0.840342898539059,Q3
145328,1.0819633904628658,Q5
145330,1.0010211566396756,Q4
145338,1.6115748888355956,Q5
145348,1.0388059701492538,Q4
145354,1.1451520624628397,Q5
145355,1.0545454545454545,Q4
145362,1.156134176347837,Q5
145367,1.1975444439664973,Q5
145372,0.9685230024213075,Q4
145373,1.0868162710137126,Q5
145374,0.8776897591397357,Q3
145376,1.1146254554189854,Q5
145378,0.3335729690869878,Q1
145379,0.7257728136441581,Q2
145380,0.925531914893617,Q3
145383,1.16,Q5
145386,0.960102330655932,Q4
145388,1.16,Q5
145390,1.0517328658965042,Q4
145392,1.051359516616314,Q4
145396,0.9300011514137513,Q4
145398,0.9128287855836006,Q3
145400,1.6115748888355956,Q5
145402,0.779002742179193,Q2
145404,1.102735510447834,Q5
145405,1.05981009560479,Q4
145408,0.8711978971085242,Q3
145409,0.9789559101974574,Q4
145411,1.1468419939134538,Q5
145413,0.3314285714285714,Q1
145414,0.8055089404548348,Q3
145416,0.8443717536260535,Q3
145418,1.6115748888355956,Q5
145419,1.0276399716513112,Q4
145420,1.1070651525566229,Q5
145422,1.0220114242081613,Q4
145423,0.9738732491455357,Q4
145424,1.0479578687881674,Q4
145425,0.9666666666666667,Q4
145431,0.9366641433257633,Q4
145433,1.3723675201971794,Q5
145436,0.8192683810213691,Q3
145441,0.978811915773906,Q4
145448,1.0107641106666219,Q4
145449,1.181764156549792,Q5
145452,1.044,Q4
145454,1.16,Q5
145456,1.023378914865461,Q4
145459,1.243408123970278,Q5
145470,0.8687647251564182,Q3
145477,0.8805190580325676,Q3
145478,0.8111336641836704,Q3
145481,1.0293573911114398,Q4
145482,1.0803748714532413,Q5
145484,0.887660750345414,Q3
145487,0.9027432499621696,Q3
145492,1.475022706630336,Q5
145493,0.9879191243730877,Q4
145498,0.928519971183863,Q4
145500,1.25529590722081,Q5
145504,0.8167750401399698,Q3
145506,1.2281585342092591,Q5
145509,0.994330104022501,Q4
145510,0.9017004048582996,Q3
145514,1.425600302514653,Q5
145518,0.8642071117043567,Q3
145520,1.1292834890965733,Q5
145523,1.0070719311255403,Q4
145526,0.58,Q1
145529,0.9511445165698668,Q4
145531,1.1877302009414241,Q5
145540,0.8463678234301609,Q3
145548,0.8982035928143712,Q3
145563,1.16,Q5
145565,0.44787284529564597,Q1
145569,0.5497762161414951,Q1
145572,0.8933302773321109,Q3
145579,0.9007697310309348,Q3
145584,0.9958007540043065,Q4
145589,1.0741082006055023,Q4
145594,0.6325583508949315,Q1
145599,1.0105833763551884,Q4
145601,1.16,Q5
145602,1.0579602666089352,Q4
145603,0.9419449720078135,Q4
145606,0.6155070637394707,Q1
145608,1.0637051376754374,Q4
145609,0.9535150857299428,Q4
145619,1.0081842543637285,Q4
145621,1.16,Q5
145622,0.7920942319000018,Q3
145629,0.6093717167472158,Q1
145630,1.152994683815003,Q5
145632,0.9427189857644016,Q4
145635,0.9666666666666667,Q4
145637,0.8520484051637072,Q3
145643,1.1656924648701157,Q5
145647,0.2552102335499303,Q1
145653,0.8262005023179098,Q3
145654,1.1231134314190794,Q5
145655,0.9207581993330505,Q3
145657,0.5037455216588861,Q1
145661,0.7030595449602777,Q2
145667,1.0526754628772315,Q4
145675,0.5514618492987877,Q1
145677,0.9560950294963864,Q4
145679,0.7922542284359808,Q3
145680,0.6556275482889471,Q2
145681,1.0085032083249814,Q4
145692,0.9056737693524776,Q3
145694,1.042052664083993,Q4
145697,0.5620818398116455,Q1
145698,0.7683815411790682,Q2
145701,0.7636288829458959,Q2
145702,0.9605520414031052,Q4
145703,0.6221970588673511,Q1
145704,0.9275803803041481,Q4
145705,0.7311105069329444,Q2
145707,0.7649192218925157,Q2
145709,1.2594424020399835,Q5
145712,0.9292424315473651,Q4
145713,1.0250556895377307,Q4
145720,0.8049758404441245,Q3
145724,0.8650567000304988,Q3
145727,1.0239686139888433,Q4
145728,0.6956695569604437,Q2
145729,1.1114482362146882,Q5
145731,0.6772074920943809,Q2
145732,0.8671411440407407,Q3
145734,1.16,Q5
145736,0.8285714285714286,Q3
145738,0.4821114249224428,Q1
145741,0.7683815411790682,Q2
145743,0.8539877300613496,Q3
145747,0.9979925437338687,Q4
145748,1.16,Q5
145755,0.8188235294117647,Q3
145757,0.9180712296643705,Q3
145758,0.8239367841605256,Q3
145759,0.8449507314408272,Q3
145762,1.1449408474645975,Q5
145764,0.5380333951762524,Q1
145765,0.42601898722555137,Q1
145766,0.8582160336912394,Q3
145768,1.048745573721088,Q4
145771,0.4182692307692308,Q1
145772,1.16,Q5
145775,1.1478992289613656,Q5
145776,1.1047619047619048,Q5
145777,0.5919374043204627,Q1
145779,0.7932979996580612,Q3
145781,0.9872540477010678,Q4
145790,0.6190030541850016,Q1
145792,0.5360340412422743,Q1
145793,0.7098196424228637,Q2
145794,0.5439996873565015,Q1
145796,0.8526258113086514,Q3
145801,0.9510253811730679,Q4
145802,0.8526258113086514,Q3
145803,0.5543276984648468,Q1
145804,0.9446482619191915,Q4
145806,0.4944210189822355,Q1
145815,1.0032060587715668,Q4
145816,0.9762700452717179,Q4
145820,1.0989473684210527,Q5
145823,0.7033831787664518,Q2
145825,0.6308747949203702,Q1
145826,1.1047619047619048,Q5
145827,0.8354840645819579,Q3
145829,1.0706116825617635,Q4
145837,0.9017412935323383,Q3
145841,0.7850443298788635,Q2
145847,1.16,Q5
145851,1.0022319821441428,Q4
145852,1.0863542357669644,Q5
145854,0.6443424558049807,Q2
145856,0.7818405026117516,Q2
145857,0.7621397105097545,Q2
145859,1.0908158322172512,Q5
145860,1.0542488044489646,Q4
145861,1.022661875886877,Q4
145865,0.9048571999015652,Q3
145866,0.8980645161290323,Q3
145869,1.16,Q5
145871,0.303334610544437,Q1
145872,1.0187718492334763,Q4
145873,0.8893026312186841,Q3
145874,0.4689405492084382,Q1
145875,1.033195509895781,Q4
145876,0.6653821829359768,Q2
145880,1.1463709234654662,Q5
145883,0.2552102335499303,Q1
145885,1.2654545454545454,Q5
145886,1.159661765318449,Q5
145888,0.7600732138522664,Q2
145889,0.7306741413791474,Q2
145891,0.9167393845596589,Q3
145892,1.3682203306532468,Q5
145893,1.0545454545454545,Q4
145894,1.1214840327502342,Q5
145896,0.4618036836711118,Q1
145898,0.9024045261669024,Q3
145899,0.8553445869433545,Q3
145900,0.4182692307692308,Q1
145901,0.689108910891089,Q2
145902,1.6115748888355956,Q5
145904,0.4451978123900598,Q1
145906,0.8520902715392519,Q3
145907,1.1041991967334943,Q5
145908,0.7664545968755161,Q2
145910,0.5497744325267409,Q1
145911,0.8082858765032774,Q3
145915,1.16,Q5
145916,0.7810059940713865,Q2
145917,1.0337791883926548,Q4
145918,0.8260392249948075,Q3
145920,0.8530364912457779,Q3
145921,0.6612198365950979,Q2
145923,1.1122004983635545,Q5
145924,1.2014944697221912,Q5
145926,1.0545454545454545,Q4
145927,1.1564913738268014,Q5
145929,0.25523384211684363,Q1
145932,0.7555936729886119,Q2
145933,0.9550377802776207,Q4
145934,0.8773464390083426,Q3
145935,0.8604866801994837,Q3
145937,0.8201000652599522,Q3
145938,0.7941487554566958,Q3
145940,1,Q4
145941,0.5014292450907906,Q1
145942,0.8486976880304361,Q3
145943,1.1034146341463416,Q5
145944,1.0158466235068075,Q4
145952,0.6209543831122423,Q1
145953,0.5294795460493484,Q1
145954,0.35487119348383067,Q1
145955,0.8831189646191449,Q3
145956,0.2552102335499303,Q1
145958,1.0970227670753065,Q5
145960,0.5472281162032119,Q1
145961,0.7529954831089913,Q2
145962,0.934228187919463,Q4
145963,0.2698919699064717,Q1
145967,1.11836423162673,Q5
145970,1.16,Q5
145974,0.936421551150009,Q4
145975,1.0587753659338668,Q4
145976,0.8080406010548314,Q3
145981,1.5835501898383175,Q5
145982,0.6195569930121805,Q1
145991,0.5886187685661227,Q1
145993,0.8658735712619547,Q3
145997,1.03666678790209,Q4
146000,0.9371844071904666,Q4
146005,0.8822550743927366,Q3
146006,0.9587204096763347,Q4
146007,0.46282237418124994,Q1
146008,0.2552102335499303,Q1
146009,0.9962158825581707,Q4
146011,0.9754160583941606,Q4
146013,1.3237601635680663,Q5
146014,0.580072509063633,Q1
146018,0.6118681318681318,Q1
146022,1.0357142857142858,Q4
146023,0.7480690029166484,Q2
146025,1.1721118221623443,Q5
146026,1.266151231538885,Q5
146035,0.7268958702384826,Q2
146036,0.7051790810381803,Q2
146040,0.8530364912457779,Q3
146046,1.0310449205730003,Q4
146048,0.6682464198377533,Q2
146050,0.6807955656993805,Q2
146051,0.99334305200167194,Q4
146052,0.7019116559467515,Q2
146055,1.0545454545454545,Q4
146056,0.9263213933538618,Q3
146057,0.4379768740659168,Q1
146061,0.7751444412574032,Q2
146063,0.7410408761412401,Q2
146067,1.1474497681607418,Q5
146068,0.8923076923076924,Q3
146069,0.7114398619122735,Q2
146071,0.9086903304773561,Q3
146072,0.8206918101796443,Q3
146077,0.9855590369945083,Q4
146080,0.7446876805546638,Q2
146081,0.44619777130074617,Q1
146085,0.8505904068370882,Q3
146087,1.065179962285808,Q4
146088,0.76313515639432,Q2
146089,0.398865296999914,Q1
146099,0.6209543831122423,Q1
146100,0.7739641847376428,Q2
146101,0.8513761467889909,Q3
146114,0.9393264590448701,Q4
146115,0.6768578163277593,Q2
146119,1.6115748888355956,Q5
146123,0.4618036836711118,Q1
146130,0.7599853369003142,Q2
146131,1.1272370634970623,Q5
146132,0.8556909458499536,Q3
146134,0.703442420812193,Q2
146140,0.8964104941849232,Q3
146141,0.9557455839211035,Q4
146143,0.5462301589350494,Q1
146150,0.6751037619779356,Q2
146156,1.0589497227103635,Q4
146157,0.9403090938041312,Q4
146159,1.077724700180395,Q5
146161,1.16,Q5
146167,0.8793985722408239,Q3
146172,0.9345417925478349,Q4
146173,0.6932834736550636,Q2
146176,0.7999655187276411,Q3
146177,1.16,Q5
146184,0.28422664624808575,Q1
146189,0.7827449090251838,Q2
146191,0.9010000323635069,Q3
146194,0.9291487657467414,Q4
146198,0.8336826974905671,Q3
146200,0.5722742969906266,Q1
146201,0.42601898722555137,Q1
146211,0.7571183813331158,Q2
146214,0.7581286422308153,Q2
146215,0.9078655593721466,Q3
146216,0.9147010673660706,Q3
146217,0.6936264968311558,Q2
146221,0.8695132963258617,Q3
146223,1.0637830402262067,Q4
146224,0.9234213690451512,Q3
146228,1.1395691530418919,Q5
146229,1.0697292162534289,Q4
146232,0.5225052439099593,Q1
146234,0.7068639552506992,Q2
146235,0.9916072563395489,Q4
146238,0.7180439492417209,Q2
146241,0.9550702730518124,Q4
146246,1.0537707970010821,Q4
146248,0.8055701810127271,Q3
146249,0.8085314002927441,Q3
146252,0.6792358132380346,Q2
146255,0.47413382018338623,Q1
146256,0.6086398880662275,Q1
146259,1.023679952934255,Q4
146260,0.9680195411990716,Q4
146262,1.0334075723830736,Q4
146266,0.8454020518378712,Q3
146272,0.977498670786393,Q4
146275,0.8993849349241294,Q3
146278,1.0011627488822028,Q4
146279,0.82679971489665,Q3
146282,1.054831804088231,Q4
146284,0.9082525707723627,Q3
146285,0.26317986951295025,Q1
146288,1.16,Q5
146289,1.6115748888355956,Q5
146293,0.7013301088270859,Q2
146294,0.8974854932301741,Q3
146295,0.6661243240656554,Q2
146296,0.9150553341090837,Q3
146303,0.9157894736842105,Q3
146309,0.5221725034163072,Q1
146311,0.9327228346707934,Q4
146312,1.1441722834127896,Q5
146321,1.1118301943982503,Q5
146325,1.4398300465860132,Q5
146326,0.6562567380780651,Q2
146327,0.8065170284019143,Q3
146331,0.5199283455073261,Q1
146333,1.16,Q5
146337,1.1222297175011104,Q5
146338,0.7883843064565956,Q2
146339,0.9717639283836047,Q4
146340,0.9159013789278766,Q3
146341,0.8466207165780999,Q3
146343,0.968850249615611,Q4
146346,0.5007614547983643,Q1
146347,0.6475748894152675,Q2
146349,1.122490121764374,Q5
146353,0.9730377471539844,Q4
146354,0.9004368768359864,Q3
146355,0.87236264884061,Q3
146356,0.7297892418999685,Q2
146357,0.8507777404272224,Q3
146361,0.7681255387998351,Q2
146363,0.4831540378895852,Q1
146365,0.9934696499304143,Q4
146371,0.9642374727249637,Q4
146372,0.9141756329287113,Q3
146381,1.0854400665403874,Q5
146389,0.7662666519872289,Q2
146392,0.9865774007480019,Q4
146393,0.40108474576271186,Q1
146403,0.4430863254392666,Q1
146404,0.45466765492895816,Q1
146407,0.9944080422591668,Q4
146410,1.010667814524201,Q4
146413,0.9373447358986071,Q4
146414,0.885186480557057,Q3
146416,0.960018916628899,Q4
146417,1.16,Q5
146418,0.7716079322625795,Q2
146422,0.7201004528844933,Q2
146424,0.6933560024440135,Q2
146426,0.7662244729454506,Q2
146432,0.5358338914936369,Q1
146438,0.9830508474576272,Q4
146442,1,Q4
146444,0.7080062962447398,Q2
146445,0.6253163988327151,Q1
146446,1.0640900195694716,Q4
146450,0.7647721341647666,Q2
146454,0.9668233278540505,Q4
146456,0.861402129990037,Q3
146460,1.0104529616724738,Q4
146463,0.954653937947494,Q4
146465,0.635056946874631,Q1
146466,0.8632160467469051,Q3
146472,0.3090361092709057,Q1
146478,1.2806182294900987,Q5
146482,0.7159450354457941,Q2
146483,1.1010380033342662,Q5
146484,1.011701431790101,Q4
146485,1.1156528011541236,Q5
146492,0.8820973348783313,Q3
146494,0.7307086614173228,Q2
146497,0.6909762883038996,Q2
146500,0.9659228902581142,Q4
146502,1.0892530165735481,Q5
146506,1.2240590925079142,Q5
146507,0.978270747479986,Q4
146510,0.8199328503269129,Q3
146513,1.0430786138910628,Q4
146515,0.9698996655518395,Q4
146516,0.9395301224471431,Q4
146517,0.7673085403498457,Q2
146519,0.40658955485453907,Q1
146521,1.6115748888355956,Q5
146530,1.1865288065668231,Q5
146536,0.5467837626736082,Q1
146541,1.0210518594586664,Q4
146544,1.6115748888355956,Q5
146545,1.1204121056020606,Q5
146547,0.9687858857918363,Q4
146549,0.883229116104655,Q3
146552,0.9083165779085924,Q3
146557,0.5936890591665449,Q1
146559,1.096818674283463,Q5
146560,0.9316101050288905,Q4
146561,0.8412669110472322,Q3
146564,1.6115748888355956,Q5
146566,0.6407364787111622,Q2
146567,0.8836820083682008,Q3
146568,0.8714342355126146,Q3
146571,0.4500339465261388,Q1
146572,1.041469702019412,Q4
146575,0.8657075334798291,Q3
146577,1.3475314617618586,Q5
146578,0.876130028190663,Q3
146580,0.7409510290986515,Q2
146583,1.075247459198199,Q4
146584,0.5357248235417876,Q1
146585,0.9670960467420645,Q4
146587,0.7098196424228637,Q2
146590,1.0943396226415094,Q5
146591,0.9048361934477379,Q3
146593,0.8504283367500712,Q3
146594,0.7793776883687623,Q2
146595,0.713708902134205,Q2
146601,0.9619512195121952,Q4
146604,0.2792099666355199,Q1
146605,0.25898339011105337,Q1
146606,0.6202779734357688,Q1
146611,0.4588774205631052,Q1
146613,0.9844935198118712,Q4
146619,0.6010066120596071,Q1
146620,0.6817985375213926,Q2
146621,0.8684476498259361,Q3
146623,1.1590341382181515,Q5
146631,0.2576656455061223,Q1
146634,0.7556593018837197,Q2
146635,0.6215310215969666,Q1
146637,1.0991625005552073,Q5
146640,0.8038343823987989,Q3
146642,0.672,Q2
146645,0.6703904744308555,Q2
146656,0.5626474414092643,Q1
146665,0.8043524642628548,Q3
146668,0.7893732923203822,Q3
146669,1.1510077519379844,Q5
146670,0.8609076274631767,Q3
146672,0.8196485351268596,Q3
146674,0.8174650947689869,Q3
146678,0.9343745105497505,Q4
146681,1.16,Q5
146686,0.9895567102791084,Q4
146693,0.8597309909415317,Q3
146699,0.9616378994525682,Q4
146700,0.3133979891796642,Q1
146702,0.7263676140232782,Q2
146703,1.0989271250266444,Q5
146705,0.781013297424676,Q2
146709,1.0545454545454545,Q4
146710,1.0546353382390545,Q4
146716,0.45603758378707765,Q1
146717,0.8961709935458949,Q3
146719,0.8662750174250722,Q3
146723,0.8069565217391305,Q3
146725,0.6003105054338451,Q1
146726,0.7705471586780188,Q2
146729,0.9130263675718221,Q3
146745,0.6028636021100227,Q1
146746,1.16,Q5
146766,0.8397249176993744,Q3
146787,1.0101326448380037,Q4
146794,0.7017950728137596,Q2
146797,0.8792960189697815,Q3
146803,1.1209206307374708,Q5
146817,0.7545966492133241,Q2
146836,0.9133458728839509,Q3
146838,1.1004883214684944,Q5
146846,0.8131208131208132,Q3
146855,0.7768724187967407,Q2
146864,0.5688999855099925,Q1
146866,0.7731901499722275,Q2
146876,0.2930094512387648,Q1
146878,0.851629142777234,Q3
146880,0.7059539507049396,Q2
146882,0.4142857142857143,Q1
146883,1.0614456168890114,Q4
146891,0.8202534900414626,Q3
146893,1.280578381581404,Q5
146896,0.6644315291853458,Q2
146898,1.1575392030063747,Q5
146903,0.6084155408210987,Q1
146908,1.0829650837119562,Q5
146915,0.7788628037647392,Q2
146918,0.4987258664779725,Q1
146919,1.0164623410763403,Q4
146920,0.9797297297297297,Q4
146921,1.058644583403752,Q4
146925,0.9985192320501719,Q4
146927,0.7958031374165585,Q3
146928,0.8242539081004263,Q3
146933,0.7746792407010159,Q2
146934,0.6240703454006195,Q1
146935,0.8925702129585624,Q3
146948,1.0510252742012398,Q4
146949,1.1003952569169961,Q5
146950,1.1522997114520426,Q5
146951,0.5565481619567146,Q1
146957,1.0014388489208632,Q4
146958,0.6862288634608327,Q2
146959,1.0065075921908895,Q4
146960,0.5114222051325086,Q1
146961,0.8088188188039053,Q3
146963,0.932257308374912,Q4
146977,0.33175440164447223,Q1
146978,0.8381788146220525,Q3
146979,1.0291290847257135,Q4
146980,0.4656312615195234,Q1
146989,1.0999680481545233,Q5
146990,0.7976696432835109,Q3
146994,1.1163760551237412,Q5
146995,0.6502838416992092,Q2
146996,0.8517929262024232,Q3
146998,0.6589407041279146,Q2
147000,0.9773221933581409,Q4
147003,0.9543958627174425,Q4
147005,0.4663539772183402,Q1
147006,0.5905983917537745,Q1
147010,1.0545454545454545,Q4
147011,1.0914222988866238,Q5
147012,0.783586537570034,Q2
147013,0.9492068633384192,Q4
147023,0.7604064241232383,Q2
147027,0.9130637980371096,Q3
147029,1.0493535770888265,Q4
147030,0.9899171667887985,Q4
147038,0.8029019316302858,Q3
147039,0.7733333333333333,Q2
147040,0.4789004555632327,Q1
147043,0.6694050934738615,Q2
147046,0.8675780113848839,Q3
147048,1.1125853221861663,Q5
147053,0.9339147936933915,Q4
147055,0.630868403794168,Q1
147059,0.8057055711862615,Q3
147063,0.5563021096118973,Q1
147064,0.6990018245018887,Q2
147066,0.8592592592592593,Q3
147067,1.025792188651437,Q4
147072,1.1268387454898696,Q5
147074,0.9216559349808816,Q3
147075,0.7253865240693158,Q2
147076,0.7448986776696569,Q2
147079,0.37999878935917936,Q1
147095,0.9465273101787509,Q4
147103,0.8792319353208691,Q3
147106,0.5004820663907801,Q1
147108,0.8909661393646228,Q3
147112,0.6551019831894808,Q2
147115,0.5844053028303834,Q1
147118,0.8389844653112192,Q3
147119,1.0858881347999063,Q5
147121,0.675760781942765,Q2
147126,0.6567112818136154,Q2
147137,0.7664545968755161,Q2
147139,0.6372431960678279,Q2
147140,0.7474848905487731,Q2
147141,0.602794419821197,Q1
147150,0.9247047760013535,Q3
147151,0.6412663167035595,Q2
147153,1.5856173762569408,Q5
147154,0.7210329531648788,Q2
147155,0.3568642717277357,Q1
147157,0.4784021028455492,Q1
147161,1.1106897315645405,Q5
147162,0.4864496514126959,Q1
147167,0.6828068906104855,Q2
147169,0.860607278375851,Q3
147170,1.050684983205646,Q4
147171,0.79184909033654,Q3
147177,0.6940351625226513,Q2
147182,1.1262135922330097,Q5
147187,0.8444296156995966,Q3
147193,0.77060222837688,Q2
147194,0.29806358594666355,Q1
147196,1.0637544027844354,Q4
147204,0.84815988301243,Q3
147205,0.990183525394793,Q4
147214,0.9644026913193087,Q4
147224,0.6253163988327151,Q1
147225,0.574985231319176,Q1
147231,0.6678359597798873,Q2
147232,0.7096392667060911,Q2
147235,0.9666666666666667,Q4
147238,1.16,Q5
147244,0.9130263675718221,Q3
147249,0.7431675859494878,Q2
147263,1.0867995237444616,Q5
147275,0.906161507665267,Q3
147277,1.0437436021151325,Q4
147279,0.7213369607462107,Q2
147283,0.9935349604246415,Q4
147290,0.8128730859070854,Q3
147292,0.5273246607620448,Q1
147293,1.0102549587406648,Q4
147296,1.022033935638294,Q4
147306,0.8231669455893745,Q3
147307,0.865456354140761,Q3
147309,1,Q4
147313,0.8192397207137316,Q3
147319,0.8795652723366612,Q3
147320,0.7725255196109747,Q2
147333,0.8454125840149,Q3
147337,0.6739345407186941,Q2
147339,0.43729580296556925,Q1
147345,1.0748850298579176,Q4
147349,0.6437934976856734,Q2
147351,0.8821825205214873,Q3
147356,0.7207440439591734,Q2
147366,0.9666666666666667,Q4
147368,0.4978051157343251,Q1
147371,0.661345496009122,Q2
147373,0.8902785673678226,Q3
147377,0.9365852950484085,Q4
147389,0.9319764327798608,Q4
147390,1.1387848598334729,Q5
147410,0.9878190275801627,Q4
147417,1.0229878299723676,Q4
147418,0.8980645161290323,Q3
147420,0.6536595921164144,Q2
147422,0.39321145284852316,Q1
147424,1.0522337289288684,Q4
147425,0.731637186610149,Q2
147436,0.6708433734939759,Q2
147438,0.46781758324919653,Q1
147444,0.6683367554148438,Q2
147452,0.4021813716638376,Q1
147456,0.4493145463125066,Q1
147465,0.9290876334335667,Q4
147470,0.7577554193855308,Q2
147472,0.3331914893617021,Q1
147479,1.0985914103489494,Q5
147480,1.2615551930396955,Q5
147483,0.5410285433742005,Q1
147484,1.0019554446537182,Q4
147485,0.7040116526066638,Q2
147490,0.47953407339492343,Q1
147496,0.7718325478236762,Q2
147501,1.0600359888761655,Q4
147503,0.9427509092263618,Q4
147519,0.8853553824137382,Q3
147520,0.758789860997547,Q2
147523,0.9050568098698005,Q3
147526,1.16,Q5
147527,1.0365626628937374,Q4
147544,0.9650314744460775,Q4
147550,0.4195341199598082,Q1
147552,0.4016653613092049,Q1
147556,0.8113271055818081,Q3
147559,1.0783761897326212,Q5
147570,0.5778477845247677,Q1
147578,0.5529798310008359,Q1
147584,0.8339261777634663,Q3
147589,0.8220697588431042,Q3
147590,0.8443692469004481,Q3
147602,0.9463798860773338,Q4
147603,1.1258720048528965,Q5
147616,0.7370604799150899,Q2
147623,0.8767717975614543,Q3
147624,0.5775814723322257,Q1
147628,1.0966170571745566,Q5
147636,0.8381824053951971,Q3
147643,1.0801443296302524,Q5
147651,0.7983864029595358,Q3
147652,1.1991419932289828,Q5
217098,0.6915624741243687,Q2
217101,1.0785681078568108,Q5
217102,0.9886082781739155,Q4
217103,0.725,Q2
217104,1.143758627489647,Q5
217122,1.1597680463907218,Q5
217143,0.8671006322608776,Q3
217147,0.7356807821893374,Q2
217168,0.8793836150655675,Q3
217175,0.9174244347996332,Q3
217180,1.2993963532267099,Q5
217189,1.16,Q5
217192,1.0543058395819132,Q4
217194,1.16,Q5
217195,0.8076158796311964,Q3
217200,0.9574358327697087,Q4
217203,1.0632447296058662,Q4
217205,0.8446788322778526,Q3
217212,0.8476765884149127,Q3
217219,0.5122612534986702,Q1
217220,1.1352762070465419,Q5
217223,0.2552102335499303,Q1
217224,0.8568709248201831,Q3
217226,0.5122612534986702,Q1
217227,0.8389656938044034,Q3
217229,1.1047619047619048,Q5
217236,1.16,Q5
217238,0.810613843704603,Q3
217244,0.9534899650661004,Q4
217251,0.8389656938044034,Q3
217253,0.8476765884149127,Q3
217263,1.209126356020538,Q5
217264,0.8568709248201831,Q3
217266,0.8509104948201531,Q3
217271,0.36749781501856726,Q1
217277,1.234589800443459,Q5
217291,0.9958108916816278,Q4
217294,0.8081967979846689,Q3
217299,1.0110463427147918,Q4
217303,1.1287073132699204,Q5
217307,1.0603021454868604,Q4
217310,0.9955504697294011,Q4
217318,1.6115748888355956,Q5
217350,0.7683815411790682,Q2
217367,1.0583941605839415,Q4
217373,0.943089430894309,Q4
217381,0.8416215725989299,Q3
217383,1.1287073132699204,Q5
217387,0.6632894654551628,Q2
217397,0.7289611953846422,Q2
217401,1.2648322750304661,Q5
217403,1.1372549019607843,Q5
217404,0.8642233491922413,Q3
217405,1.4483530013612993,Q5
217415,1.0094846386150667,Q4
217426,1.1562902354944553,Q5
217440,0.9962158825581707,Q4
217459,0.5514084507042253,Q1
217461,1.4836800118064721,Q5
217485,1.4827834145562035,Q5
217509,0.9464237149850422,Q4
217519,1.1453164556962026,Q5
217531,0.40293600744339914,Q1
217532,1.1287073132699204,Q5
217533,0.934900166389351,Q4
217534,0.8416215725989299,Q3
217545,1.0185365853658537,Q4
217546,0.8642233491922413,Q3
217549,0.9482107517424018,Q4
217550,0.573566495805383,Q1
217552,1.16,Q5
217563,0.7600774526316674,Q2
217567,1.1506414495437112,Q5
217581,1.16,Q5
217584,0.6252349562114855,Q1
217594,0.8899487576200263,Q3
217606,1.117563625659004,Q5
217612,0.8416215725989299,Q3
217619,0.8885884112681043,Q3
217649,0.40293600744339914,Q1
366528,0.7291444104580174,Q2
366547,1.099917032120422,Q5
366552,0.8680911858583683,Q3
366562,0.49832935560859193,Q1
366563,0.5736374051149336,Q1
366572,0.6308747949203702,Q1
366575,1.0697570759973256,Q4
366586,1.044,Q4
366600,0.4644580517337788,Q1
366603,0.7657935755982762,Q2
366612,1.2041001686778254,Q5
366615,0.47389190757526406,Q1
366619,1.2670754146538106,Q5
366622,0.8643764082487152,Q3
366624,0.8680911858583683,Q3
366625,1.076455121926071,Q5
366631,1.432511423043675,Q5
366632,1.1585839529463988,Q5
366636,0.6105263157894737,Q1
366639,1.0505369662726314,Q4
366641,1.1490362788394073,Q5
366646,0.882929397362629,Q3
366649,1.16,Q5
366661,1.125216976957898,Q5
366663,0.7958302762346707,Q3
366678,0.7365079365079366,Q2
366685,1.1010361762865915,Q5
366686,1.452449567723343,Q5
366693,0.9782751926067134,Q4
366698,1.0797672915319976,Q5
366703,0.3314872018180086,Q1
366704,1.0324418138934626,Q4
366708,1.1153846153846154,Q5
366716,0.8177122933873954,Q3
366719,0.8348827445570683,Q3
366721,1.1210581758321763,Q5
366725,1.3928821587005105,Q5
366728,0.8947584126574376,Q3
366732,1.2484304932735426,Q5
366733,1.003663300208464,Q4
366734,0.8923076923076924,Q3
366736,1.0283579411733665,Q4
366737,0.7733333333333333,Q2
366738,0.852201418294985,Q3
366740,0.9010636576287644,Q3
366742,1.1531252912324788,Q5
366743,1.16,Q5
366745,0.7835974930884799,Q2
366748,0.9964129769110243,Q4
366750,1.1162044771132642,Q5
366751,1.514563529339228,Q5
366756,0.8592592592592593,Q3
366758,0.543771241064104,Q1
366761,1.098672700245991,Q5
366764,1.2113422764880712,Q5
366765,1.133632546691762,Q5
366768,1.1401736471359145,Q5
366769,0.9515996718621821,Q4
366772,1.0609712385825703,Q4
366773,1.0425170195397049,Q4
366774,1.121882098918153,Q5
366776,1.1876795312988822,Q5
366779,1.023291805308365,Q4
366784,1.0646950092421443,Q4
366787,1.4624490979462674,Q5
366792,0.981259000412886,Q4
366793,0.842211083341478,Q3
366801,1.1055954886620865,Q5
366802,1.16,Q5
366807,1.1370409105429213,Q5
366808,0.7143559719971091,Q2
366815,0.5514618492987877,Q1
366816,0.992863960111541,Q4
366818,1.0258746599847246,Q4
366823,0.5260577132928775,Q1
366824,0.9676746611053181,Q4
366836,1.092364435376285,Q5
366841,0.5514618492987877,Q1
366845,0.6568521765306496,Q2
366847,0.9017412935323383,Q3
366851,0.848780487804878,Q3
366856,1.126076932411115,Q5
366858,0.7856067154403443,Q2
366867,0.7600732138522664,Q2
366869,1.1392218590922234,Q5
366871,0.7052771065554603,Q2
366873,0.6851742468989959,Q2
366874,0.6607804044431785,Q2
366876,0.4688508480870203,Q1
366880,1.2318584070796461,Q5
366882,0.8482054397628348,Q3
366884,1.316094986807388,Q5
366889,0.9787882339153874,Q4
366890,0.5514115395972928,Q1
366893,0.6258936520355033,Q1
366895,1.0121112657623035,Q4
366899,0.8778900367048851,Q3
366905,0.76253081347576,Q2
366907,0.7487561074006007,Q2
366909,1.050830397584298,Q4
366911,0.77453563538172,Q2
366920,0.8553615292139806,Q3
366922,0.6533559591291475,Q2
366924,1.4728220056206307,Q5
366927,1.2728796769031472,Q5
366928,1.0687687149694163,Q4
366931,0.563219375660469,Q1
366933,0.8639523336643495,Q3
366934,1.6115748888355956,Q5
366936,0.8098909090909091,Q3
366940,0.9388151505341534,Q4
366941,0.8126450369981173,Q3
366947,1.1406128590198212,Q5
366951,1.1330252826928133,Q5
366952,0.7973630718772402,Q3
366957,1.4728220056206307,Q5
366958,0.8800498550410492,Q3
366960,0.8702381901942989,Q3
366965,0.6754330632248047,Q2
366967,0.6827433990026976,Q2
366973,0.8680911858583683,Q3
366980,1.2347650220873916,Q5
366986,1.16,Q5
366987,0.4478637584463069,Q1
366993,0.46893194071561334,Q1
366994,0.48193803983506744,Q1
366995,0.5583176530290163,Q1
367007,0.9251891871362242,Q3
367008,0.5544330748006692,Q1
367012,0.8695132963258617,Q3
367013,0.5855691956880277,Q1
367018,0.5855691956880277,Q1
367021,0.7824180765555618,Q2
367022,1.1406240151276394,Q5
367025,0.7885476647472809,Q2
367027,0.6279085502920767,Q1
367030,0.9726726954050764,Q4
367031,0.7292157787207292,Q2
367032,0.581868585227197,Q1
367045,1.1926743065224377,Q5
367046,1.023291805308365,Q4
367049,0.9817797108263783,Q4
367058,0.9900426742532006,Q4
367064,0.7839033260984337,Q2
367070,0.4989698675592774,Q1
367072,0.4821114249224428,Q1
367086,0.4821114249224428,Q1
367088,1.1055954886620865,Q5
367089,1.052453195189292,Q4
367091,0.7841720777875902,Q2
367093,0.705441695787483,Q2
367100,1.1147950603046466,Q5
367102,1,Q4
367103,1.1487713234366048,Q5
367104,1.1563382621697957,Q5
367105,1.1271255060728744,Q5
367108,1.1411706837186424,Q5
367109,0.6005727444815369,Q1
367110,0.8832935682014315,Q3
367112,0.8062709966405375,Q3
367114,0.9456682348545322,Q4
367124,0.4477673668392973,Q1
367125,1.1540215273651777,Q5
367128,0.3555169617602176,Q1
367129,1.048381673763291,Q4
367131,0.8686989476698272,Q3
367133,1.1055954886620865,Q5
367134,1.0534901908021426,Q4
367136,1.1304495114611153,Q5
367139,0.8756212926642869,Q3
367144,0.9972115988670054,Q4
367147,0.2698919699064717,Q1
367150,0.741156531956329,Q2
367153,0.585515561189515,Q1
367157,1.0206449802986444,Q4
367159,0.4784021028455492,Q1
367164,0.7068639552506992,Q2
367166,0.5466333996709765,Q1
367170,1.16,Q5
367173,0.8258606953367348,Q3
367175,0.585515561189515,Q1
367177,0.6835119479039299,Q2
367180,0.6036783318940039,Q1
367184,0.7531358115236753,Q2
367185,0.741156531956329,Q2
367187,0.45621999272261426,Q1
367188,0.4210445492635036,Q1
367198,0.9658115210490711,Q4
367203,0.6677449297516663,Q2
367204,1.1047619047619048,Q5
367208,1.6115748888355956,Q5
367217,0.8528540794445012,Q3
367227,0.8758973772273546,Q3
367232,1.1796810115425687,Q5
367237,1.1571588892087483,Q5
367239,1.16,Q5
367242,1.0706127565971129,Q4
367251,0.741156531956329,Q2
367265,1.0215314164942098,Q4
367268,1.6115748888355956,Q5
367271,0.7733333333333333,Q2
367274,0.6504759743120736,Q2
367305,0.5019892682399086,Q1
367306,0.8414659261012426,Q3
367310,0.6036783318940039,Q1
367318,1.0067259709264482,Q4
367327,0.5597690148547898,Q1
367329,0.9975078228882184,Q4
367331,1.033015099726293,Q4
367337,0.6375669857555077,Q2
367343,0.9200112357694024,Q3
367345,1.1088761874414992,Q5
367349,1.0358337457072802,Q4
367360,0.5638625666008648,Q1
367370,1.16,Q5
367379,0.6835119479039299,Q2
367386,0.9832289686475995,Q4
367392,1.16,Q5
367394,1.383881230116649,Q5
367404,0.6677449297516663,Q2
367408,1.1268973891924712,Q5
367413,0.8825207633297407,Q3
367414,0.3482508306629473,Q1
367416,0.9491016943374356,Q4
367417,0.8078228825116792,Q3
367420,1.1602286989262307,Q5
367429,1.1594202898550725,Q5
367444,1.0163848243231401,Q4
367446,0.649479762977213,Q2
367453,0.9180377080440871,Q3
367455,1.014639535954332,Q4
367470,0.2552102335499303,Q1
367477,0.6608745192992451,Q2
367487,0.5800219018686904,Q1
367491,1.0048636991183981,Q4
367492,0.9048361934477379,Q3
367493,1.1585862489224459,Q5
367499,0.7856067154403443,Q2
367500,1.052448998652417,Q4
367513,0.661188429202489,Q2
367526,0.6624581491041991,Q2
367529,0.6970804747358406,Q2
367530,0.7032138015812207,Q2
367531,1.0406957908640069,Q4
367540,0.8204674807979223,Q3
367551,0.7856067154403443,Q2
367552,0.959832443043348,Q4
367558,0.9058961343225302,Q3
367562,1.126122481999838,Q5
367565,1.4128067909208342,Q5
367566,0.8658405218114117,Q3
367567,0.6772074920943809,Q2
367574,0.7078673337568071,Q2
367575,0.5514115395972928,Q1
367597,0.744046823636315,Q2
367598,0.855145532347583,Q3
367600,1.1500330469266358,Q5
367637,1.056995762904916,Q4
367642,0.8482054397628348,Q3
367645,0.5396237752342925,Q1
427208,0.6842955705455385,Q2
427219,1.018198841359939,Q4
427233,0.5807373836516103,Q1
427239,1.1050908008335814,Q5
427240,0.9666666666666667,Q4
427250,1.0378544191892296,Q4
427252,1.1006388765892845,Q5
427255,0.6427483030890705,Q2
427256,1.0597048255141193,Q4
427270,1.0743227598981246,Q4
427277,1.2428571428571429,Q5
427280,0.6431120710564917,Q2
427285,0.8414550710142578,Q3
427289,1.0667538598301778,Q4
427295,0.7442103606105518,Q2
427296,0.9630710739336275,Q4
427298,1.1180446575308611,Q5
427299,0.6155070637394707,Q1
427302,0.617682562245462,Q1
427306,0.9845772468078371,Q4
427310,1.152029923379364,Q5
427327,0.37510105092966856,Q1
427332,0.8419185097074655,Q3
427334,0.8430232558139535,Q3
427340,0.7655806838104393,Q2
427354,1.6115748888355956,Q5
427383,1.3263037540494187,Q5
427393,1.2654545454545454,Q5
427407,0.8496748824179495,Q3
427413,0.8231734360985994,Q3
427424,0.6894686108137147,Q2
427431,0.8596516390520109,Q3
427441,0.45809063086188173,Q1
427444,0.864502305650007,Q3
427452,1.1317073170731706,Q5
427454,0.6992032247734936,Q2
427464,1.0875,Q5
427506,0.70495290185354,Q2
427517,1.16,Q5
427524,1.2834446474157652,Q5
427528,0.5710951460559425,Q1
427535,0.8077317360945448,Q3
427541,0.9598345112911567,Q4
427544,0.9563925987389739,Q4
427549,0.723724686533279,Q2
427572,0.9612994116184636,Q4
427577,0.42284396996754753,Q1
427590,0.7655806838104393,Q2
427592,0.6571574321657265,Q2
427595,0.48227166584671244,Q1
427601,1.037238501518228,Q4
427611,0.864502305650007,Q3
427618,0.6873225527712629,Q2
427629,0.8308587629635157,Q3
427636,1.0965810619190168,Q5
427643,1.023292538491907,Q4
865369,0.8628013807336326,Q3
865378,0.9942857142857143,Q4
865399,0.7032941651990646,Q2
865406,1.1405844739073023,Q5
865407,1.0233036830111004,Q4
865416,0.6376984217880294,Q2
865419,0.7549358058426591,Q2
865420,0.610162062121784,Q1
865422,1.0501631449569662,Q4
865429,0.7142083449726643,Q2
865430,0.9018026334969146,Q3
865431,0.5564680547082349,Q1
865434,0.9652087992095273,Q4
865437,0.4944210189822355,Q1
865442,0.7790976374219717,Q2
865453,1.1047619047619048,Q5
865473,0.737506532414019,Q2
865480,1.2336051045728464,Q5
865481,1.050348902441825,Q4
865483,0.7511926262241059,Q2
865490,1.1041156465957425,Q5
865503,1.12965617983607,Q5
865510,0.9197862341496748,Q3
865516,0.8474358924539813,Q3
865520,0.8276313116549159,Q3
865523,0.9398547006238691,Q4
865530,1.1745844232554215,Q5
865533,1.0309297438413612,Q4
865546,0.5279626785003129,Q1
865549,1.0662989773641274,Q4
865552,0.647883827727442,Q2
865570,0.9683343536089932,Q4
865577,0.9942857142857143,Q4
865584,0.3090361092709057,Q1
865585,1.0503480409726282,Q4
865586,0.39900747228496525,Q1
865589,0.7701890061526593,Q2
865600,0.7581286422308153,Q2
865601,1.1741881062842683,Q5
865603,1.136326530612245,Q5
865606,0.8784076157507572,Q3
865607,1.0933854890779273,Q5
865608,0.9022343735269162,Q3
865610,0.9603201067022341,Q4
865614,1.16,Q5
865618,1.081238530773936,Q5
865622,0.8711978971085242,Q3
865623,1.0068989213088964,Q4
865625,1.1185623493315802,Q5
865626,1.0039185518186409,Q4
865630,1.046324334772244,Q4
865633,0.8144418581115271,Q3
865635,1.083246627103647,Q5
865636,0.7376442749616319,Q2
865640,0.6768578163277593,Q2
865641,0.9765816834808964,Q4
865642,0.8718162839248434,Q3
865644,1.1575333515484858,Q5
865647,0.6774381934981507,Q2
865649,1.0702164815974167,Q4
865652,0.9403922804963181,Q4
865665,0.7244172800814159,Q2
865666,0.6750727449078564,Q2
865669,0.9865809865809866,Q4
865670,1.2056482815905494,Q5
865673,0.6739206739206739,Q2
865680,0.6386785960082588,Q2
865683,0.7795180512048719,Q2
865692,0.41829029203328516,Q1
865693,0.9280842150491434,Q4
865700,0.8330131213424966,Q3
865701,0.8162158398352323,Q3
865704,0.9141086733233427,Q3
865714,0.8375451263537906,Q3
865716,0.6639827517124267,Q2
865718,0.7126887959723526,Q2
865719,1.1504132231404958,Q5
865723,0.8042359690322931,Q3
865725,1.0933057227721428,Q5
865727,0.9013223247520937,Q3
865737,0.9274379164142943,Q4
865740,0.6369057605197737,Q2
865741,0.912667191188041,Q3
865742,1.230607896156789,Q5
865744,0.8656471718913418,Q3
865747,1.0975375381294752,Q5
865752,1.1176309221927083,Q5
865755,1.0357142857142858,Q4
865759,1.1295479965787223,Q5
865766,0.6226488519911791,Q1
865771,1.044182731978096,Q4
865773,0.8738354248122745,Q3
865774,0.8718526869597896,Q3
865775,0.7076478841734958,Q2
865777,1.1755267491449564,Q5
865778,0.928519971183863,Q4
865781,0.7717897538256819,Q2
865782,1.257262261626942,Q5
865783,0.7942300061465684,Q3
865784,0.7288721332076658,Q2
865788,0.6717150143961911,Q2
865792,0.900719739579704,Q3
865795,0.6726764721387527,Q2
865796,1.040084388185654,Q4
865804,1.0220389383129993,Q4
865806,0.2552102335499303,Q1
865824,1.043341390747091,Q4
865829,0.9625557514780625,Q4
865830,1.0398018002315652,Q4
865832,0.42385009347843294,Q1
865833,0.5802417674030846,Q1
865834,0.7674095944575974,Q2
865835,0.7549358058426591,Q2
865837,1.1379986919555265,Q5
865839,0.9434881821908214,Q4
865844,1.1468116658428078,Q5
865846,0.6297127863981277,Q1
865851,0.4303646626736687,Q1
865853,1.0780179723071581,Q5
865854,1.0613118503786922,Q4
865863,0.604946448814177,Q1
865864,1.1299924234224483,Q5
865865,0.90185619108294,Q3
865871,1.0030625112592326,Q4
865875,1.1341585133180792,Q5
865878,0.5264594549263489,Q1
865881,0.7697108054947746,Q2
865882,0.2552102335499303,Q1
865889,0.2552102335499303,Q1
865892,0.8793985722408239,Q3
865894,0.7583121984879758,Q2
865900,1.115921115921116,Q5
865902,0.8509597750336227,Q3
865905,1.1423502830383054,Q5
865906,0.5056916862397703,Q1
865910,0.7256424959599646,Q2
865915,1.127379077615298,Q5
865921,0.884739268562689,Q3
865922,1.0856128994521241,Q5
865932,1.0384959713518354,Q4
865933,0.9368185856192963,Q4
865935,1.0776996686383202,Q5
865936,1.16,Q5
865937,0.9456521739130435,Q4
865939,0.9556282752465731,Q4
865942,0.9426179316982366,Q4
865943,0.9127245915635065,Q3
865948,1.1132697299801058,Q5
865952,0.6440071556350626,Q2
865953,1.1389530959150695,Q5
865960,0.8625069706921122,Q3
865965,0.8234932203790909,Q3
865967,0.8824181977622584,Q3
865969,0.8924793229467205,Q3
865976,0.5513473095831759,Q1
865977,0.699364389114442,Q2
865978,0.9266656015337913,Q3
865981,0.8259291109157925,Q3
865985,1.1472606267900192,Q5
865987,0.7501175732873492,Q2
865989,0.9891632616805827,Q4
865991,0.7062046572979555,Q2
865994,1.152994683815003,Q5
865997,0.9208095009194865,Q3
865999,0.4836167024949515,Q1
866008,0.6863905325443787,Q2
866015,1.148267066005051,Q5
866016,0.7874003022246644,Q2
866017,1.3454475159481925,Q5
866021,0.9983377912029497,Q4
866022,1.086467290205924,Q5
866026,0.750128733778546,Q2
866027,0.9226975646617438,Q3
866029,0.6608065447698016,Q2
866031,1,Q4
866032,1.0571519310697173,Q4
866033,0.9207581993330505,Q3
866036,1.1137514701999474,Q5
866042,0.7362519456575946,Q2
866048,0.7161429727497476,Q2
866049,0.8906704757886146,Q3
866051,0.9353974347128542,Q4
866052,0.9102961197082202,Q3
866055,1.0508039556125914,Q4
866059,1.2373019097927673,Q5
866060,0.7219703031919623,Q2
866063,0.7551341995815143,Q2
866067,0.8505904068370882,Q3
866070,0.756474753120924,Q2
866071,0.8579881656804734,Q3
866076,1.1532370247347916,Q5
866077,0.9690893901420217,Q4
866078,0.7409247365246088,Q2
866079,1.6115152333725664,Q5
866084,1.16,Q5
866085,0.983803521997762,Q4
866086,1.0594010426576355,Q4
866088,1.0595945832794147,Q4
866090,1.092625562386051,Q5
866091,0.8878809355067329,Q3
866092,0.6398896741941045,Q2
866093,0.8514594700398816,Q3
866094,0.9275803803041481,Q4
866095,1.0565464895635674,Q4
866097,0.7701890061526593,Q2
866098,0.9831950579452658,Q4
866100,0.5718830729183785,Q1
866101,0.8169173888378097,Q3
866104,0.8804554079696395,Q3
866105,1.1073882035827265,Q5
866106,0.911651057698605,Q3
866111,0.865940902021773,Q3
866112,1.0134630902615565,Q4
866119,0.6774491832000389,Q2
866121,0.8923076923076924,Q3
866133,1.1438197169210542,Q5
866134,1.0909485513100305,Q5
866143,0.9709251911398002,Q4
866144,1.16,Q5
866152,0.6227857021019577,Q1
866154,0.5011953797851197,Q1
866155,0.7557577666054967,Q2
866156,1.23463360119206,Q5
866159,0.7062046572979555,Q2
866168,0.6963917203426928,Q2
866174,0.706957846622651,Q2
866176,0.7581286422308153,Q2
866179,1.0897541968026903,Q5
866181,0.6686694232282809,Q2
866185,1.271987938045415,Q5
866187,0.9834607366226545,Q4
866190,1.0357142857142858,Q4
866191,0.6236559139784946,Q1
866192,0.9221652092216521,Q3
866195,0.7879208116942844,Q2
866198,1.1597552897295071,Q5
866199,1.1755267491449564,Q5
866201,1.0030319322886931,Q4
866202,0.6643915710092356,Q2
866203,0.5787110526554493,Q1
866204,0.5565773690523791,Q1
866206,0.8972974715162845,Q3
866207,0.6900397813882589,Q2
866208,0.8178847807394669,Q3
866209,1.16,Q5
866212,0.8813138667645904,Q3
866219,1.1225121992954796,Q5
866220,0.6726132377243251,Q2
866224,1.0704810243396008,Q4
866225,1.1292248585224027,Q5
866227,0.560942817682594,Q1
866232,0.8317454837574606,Q3
866240,0.39864191913245745,Q1
866241,1.1136,Q5
866243,0.9578389643071297,Q4
866252,0.7021012599489564,Q2
866253,0.9553549981126248,Q4
866256,1.0764932767504132,Q5
866257,0.8253780017788319,Q3
866258,1.270304800146012,Q5
866260,0.9718819422405586,Q4
866261,0.5673692791428905,Q1
866264,0.7350300982152287,Q2
866265,0.8528497250601191,Q3
866266,1.16,Q5
866268,0.7211762633536769,Q2
866272,0.868173415036435,Q3
866275,1.0010787486515642,Q4
866278,0.8155844938504728,Q3
866285,0.5483217275985977,Q1
866293,1.1482414606611815,Q5
866294,0.861371036192641,Q3
866297,0.9487523769927548,Q4
866302,1.087858842326462,Q5
866305,0.9207581993330505,Q3
866309,0.3307631075574142,Q1
866311,1.0693708227702237,Q4
866315,0.7376442749616319,Q2
866320,0.7878319614247725,Q2
866321,0.747569693621289,Q2
866328,1.1001126192875348,Q5
866329,1.1067067976602873,Q5
866336,0.6726764721387527,Q2
866337,0.9961356805495921,Q4
866338,0.747569693621289,Q2
866340,1.0218300916966934,Q4
866342,1.6115748888355956,Q5
866343,0.35484857754665033,Q1
866346,1.0642201834862386,Q4
866347,0.6672359523433324,Q2
866348,0.5438459641989629,Q1
866350,1.2158267097563107,Q5
866352,0.3633705753367443,Q1
866354,0.7217395622124809,Q2
866355,1.6115748888355956,Q5
866356,0.885533737647907,Q3
866361,0.673190076249738,Q2
866365,1.2500801826882368,Q5
866367,0.7268958702384826,Q2
866369,0.8550018426763851,Q3
866371,1.1502742834622646,Q5
866374,0.895100098598191,Q3
866376,0.7028005197662646,Q2
866377,0.9778714436248683,Q4
866379,0.613387290302121,Q1
866384,0.88267722649274,Q3
866385,1.16,Q5
866393,1.0450927366702538,Q4
866398,1.1026179254623945,Q5
866400,1.081496380768218,Q5
866405,1.1044416301744,Q5
866406,1.0138383102694828,Q4
866407,0.9400641566773594,Q4
866408,0.8502887605508663,Q3
866409,0.937409808939257,Q4
866411,0.6120421042757942,Q1
866413,0.9630172579123941,Q4
866415,0.9008979855998706,Q3
866417,0.7945137794437109,Q3
866418,0.868708813657825,Q3
866420,1.1428571428571428,Q5
866422,0.8351236458380947,Q3
866424,0.8931679389925232,Q3
866425,1.0764932767504132,Q5
866429,0.868597576829078,Q3
866430,1.1242290748898678,Q5
866432,0.6157189243608688,Q1
866440,1.0545454545454545,Q4
866452,1.6115748888355956,Q5
866454,0.8285714285714286,Q3
866455,1.2318584070796461,Q5
866456,0.9167393845596589,Q3
866462,1.16,Q5
866463,1.0969267139479906,Q5
866465,1.0643829331702095,Q4
866468,0.7412140575079872,Q2
866469,0.852314474650992,Q3
866471,0.6238721684794531,Q1
866472,1.0384185005594928,Q4
866473,1.503699836162973,Q5
866474,1.013450792668499,Q4
866479,0.9814999250830696,Q4
866480,0.5505418407484377,Q1
866481,0.9410492157923201,Q4
866483,0.8179182952201051,Q3
866484,0.7968173101691519,Q3
866487,0.881613310632337,Q3
866488,0.26317986951295025,Q1
866490,1.6115748888355956,Q5
866492,0.4618036836711118,Q1
866493,0.916982623589173,Q3
866494,1.0321049899903612,Q4
866499,1.16,Q5
866501,0.5494646469630434,Q1
866506,0.6745560612128839,Q2
866510,1.0288248337028825,Q4
866515,0.45799266290489743,Q1
866516,1.0449273730435762,Q4
866519,1.16,Q5
866520,0.6439563979288674,Q2
866523,0.8590383131910517,Q3
866526,0.6383948928408573,Q2
866527,0.5667437771814565,Q1
866530,0.7631300025583859,Q2
866533,1.1495202074421524,Q5
866536,0.9958913350095052,Q4
866538,1.1441722834127896,Q5
866542,1.1159752868490733,Q5
866546,1.005707680080919,Q4
866548,1.096267603168862,Q5
866553,0.6743865473704994,Q2
866557,1.16,Q5
866558,0.6377454923081621,Q2
866559,1.1193849815848305,Q5
866563,0.9024311183144247,Q3
866566,0.8875683051398622,Q3
866567,0.8923076923076924,Q3
866571,0.8927674951953593,Q3
866576,1.1185714285714285,Q5
866580,0.8760704380771764,Q3
866583,1.0181588601917901,Q4
866587,0.725,Q2
866588,1.16,Q5
866591,0.8409358644353391,Q3
866596,0.9091324707895476,Q3
866600,0.8663289311542339,Q3
866603,0.8423436760469324,Q3
866604,0.8825642831983093,Q3
866605,1.1138227645529106,Q5
866613,0.6916518155860159,Q2
866614,1.0200846813592443,Q4
866619,0.8841879000918488,Q3
866621,0.7382339000241968,Q2
866624,0.7298019957707834,Q2
866626,1.1820401231291795,Q5
866627,0.8869470234844348,Q3
866637,0.5979220918682381,Q1
866639,1.16,Q5
866642,1.16,Q5
866643,0.9111651393304657,Q3
866645,0.8979003838008106,Q3
866647,0.8735396554789722,Q3
866648,0.7114988158724209,Q2
866652,1.3236028240663704,Q5
866654,0.8485735186539868,Q3
866657,1.0360895922904405,Q4
866660,1.0949160864663356,Q5
866661,1.1011845116921748,Q5
866662,0.9350370193455935,Q4
866674,0.933433016851887,Q4
866676,1.0632921061509768,Q4
866678,1.0159975445977407,Q4
866679,0.7725834729037503,Q2
866681,0.7956898901666937,Q3
866683,0.96,Q4
866687,1.0027460257544367,Q4
866689,0.6850337513635879,Q2
866694,1.1208406304728546,Q5
866697,0.9164993221424489,Q3
866699,0.7607908508341645,Q2
866701,0.44149834781592157,Q1
866702,0.4142430923348873,Q1
866703,1.0576993216135386,Q4
866707,0.9167393845596589,Q3
866710,0.7826209179928472,Q2
866711,0.7028005197662646,Q2
866714,1.0158483038787598,Q4
866716,0.6609058968758902,Q2
866717,1.174749634297288,Q5
866720,1.1040434003267714,Q5
866729,0.5,Q1
866731,0.7783396910995415,Q2
866732,1.16,Q5
866736,1.372758501668283,Q5
866738,1.017236507487991,Q4
866739,0.6630781689134473,Q2
866743,0.7627420479209982,Q2
866746,1.146169554047823,Q5
866748,1.1317073170731706,Q5
866750,0.7952764315894848,Q3
866751,1.1305045967356446,Q5
866752,0.8607021517553793,Q3
866753,0.6810122096667134,Q2
866755,1.1434617318187943,Q5
866758,1.16,Q5
866759,1.0127982188720979,Q4
866760,0.9535150857299428,Q4
866761,0.9107879661899612,Q3
866769,0.6896639901805349,Q2
866771,1.16,Q5
866772,1.140983606557377,Q5
866774,1.0197802197802197,Q4
866778,1.1067602218290962,Q5
866783,0.7409247365246088,Q2
866785,1.1206084168754233,Q5
866789,0.9069290158647425,Q3
866796,1.1466463477419222,Q5
866798,1.0197522046097636,Q4
866801,0.91498058870653,Q3
866810,0.7528520966079064,Q2
866811,0.46450514934991805,Q1
866815,0.8959935520703899,Q3
866819,0.9478480451672768,Q4
866820,1.0545454545454545,Q4
866824,0.5337555161705048,Q1
866828,0.5566498698766787,Q1
866829,0.5935660763342179,Q1
866830,0.7733333333333333,Q2
866831,1.2428571428571429,Q5
866836,0.6239414478592034,Q1
866837,0.6643915710092356,Q2
866838,0.8162158398352323,Q3
866844,0.9724405323273604,Q4
866849,0.7163272174495664,Q2
866850,1.0544346512951963,Q4
866853,0.8433919022154316,Q3
866860,0.645045026490714,Q2
866865,0.9390304780150839,Q4
866868,0.7376442749616319,Q2
866869,0.9988133020560233,Q4
866870,0.5566498698766787,Q1
866872,0.5606220407629011,Q1
866874,0.8652411735454998,Q3
866876,0.593372641429005,Q1
866879,0.8765871874691694,Q3
866882,0.8505066904082327,Q3
866884,0.6763926650083878,Q2
866887,0.9002716336825767,Q3
866889,0.7161366313309776,Q2
866892,1.1027759299021487,Q5
866894,1.16,Q5
866901,0.67598903460316,Q2
866903,1.0505260381042776,Q4
866905,0.6540963729898561,Q2
866910,0.3884402028560225,Q1
866912,0.7273948827053357,Q2
866917,0.4812113250596329,Q1
866918,0.9198329979274923,Q3
866920,0.8802810455667258,Q3
866931,0.8656716417910447,Q3
866942,0.7028005197662646,Q2
866945,0.7633794638536727,Q2
866946,0.49599940138003284,Q1
866950,0.8678478476574512,Q3
866951,0.77833071067409,Q2
866952,0.651158116866804,Q2
866953,0.7898123287888864,Q3
866954,1.0345788661996693,Q4
866957,0.9734265734265735,Q4
866961,1.032640949554896,Q4
866964,0.5395348837209303,Q1
866966,0.7419515315187265,Q2
866970,0.5855691956880277,Q1
866973,1.2020725388601037,Q5
866976,0.964595260178463,Q4
866977,0.8822550743927366,Q3
866978,0.7357870728060957,Q2
866979,0.5922096234063803,Q1
866980,0.6300353037023626,Q1
866988,0.43028153584179374,Q1
866990,0.7848464915224658,Q2
866992,0.771873093883793,Q2
866995,1.0466165413533834,Q4
866998,0.8025839702066824,Q3
867001,1.0632879699351818,Q4
867002,1.077970994434174,Q5
867005,0.680019540791402,Q2
867012,0.6293658867412683,Q1
867019,1.1066062485094204,Q5
867022,1.0576416891440852,Q4
867023,0.9288152934242279,Q4
867025,0.843840322155788,Q3
867028,0.5261805041051152,Q1
867033,0.9040989123888475,Q3
867038,0.8770798900742047,Q3
867041,1.0248996721581431,Q4
867042,1.0902649748761886,Q5
867043,0.8276313116549159,Q3
867044,0.8446788322778526,Q3
867045,0.3335729690869878,Q1
867046,1.190455828273326,Q5
867048,0.8853047050892301,Q3
867053,0.9679648486903007,Q4
867054,0.6026791512845898,Q1
867055,1.1189710610932475,Q5
867058,0.3884402028560225,Q1
867063,0.6083076180478101,Q1
867068,0.5259657819962518,Q1
867069,0.4465299617754955,Q1
867070,0.9946587113024528,Q4
867072,1.1546118115461181,Q5
867077,1.1425757202659443,Q5
867078,0.6941673980690976,Q2
867083,0.7110687315357961,Q2
867084,0.7284158544408675,Q2
867085,0.5963440314517431,Q1
867087,1.0643829331702095,Q4
867088,0.9666666666666667,Q4
867091,0.5821990671285563,Q1
867096,0.763774832741359,Q2
867101,0.5254473096709483,Q1
867104,1.138757155128233,Q5
867106,0.7893766835215726,Q3
867108,1.0225144158372204,Q4
867119,0.9545473539619052,Q4
867200,1.2627682929041857,Q5
867204,0.6032570908522212,Q1
867206,0.32461696719050076,Q1
867214,0.820700585386717,Q3
867217,0.5630708055867625,Q1
867219,0.4620256105575507,Q1
867225,0.5626735470320183,Q1
867229,0.43028153584179374,Q1
867233,0.6486847202749081,Q2
867234,0.6864271177001037,Q2
867239,0.763032395987502,Q2
867242,0.8128100390957806,Q3
867244,1.1518079744426417,Q5
867247,0.6997960471219499,Q2
867251,0.7385921471524584,Q2
867253,0.9263098907256935,Q3
867261,0.6360678846130297,Q1
867270,0.8287132470586485,Q3
867272,0.9845208745907933,Q4
867273,0.990293784681625,Q4
867279,0.8287132470586485,Q3
867280,0.8982818423812212,Q3
867283,0.38917359322972145,Q1
867292,0.6640184100766087,Q2
867293,1.1591600289645183,Q5
867294,1.3003224511825517,Q5
867298,0.7633794638536727,Q2
867300,0.7490538173164883,Q2
867302,1.0148978054293145,Q4
867311,0.7167868177136972,Q2
867319,0.5796423238834767,Q1
867320,0.571115415837551,Q1
867321,0.6966343427004167,Q2
867322,0.9552941176470588,Q4
867323,0.8481828521908683,Q3
867324,0.9078920366961969,Q3
867326,0.5489740173560563,Q1
867327,0.7214902505520022,Q2
867338,1.16,Q5
867346,0.5282422578585494,Q1
867347,0.7262980415892093,Q2
867358,0.560942817682594,Q1
867366,0.82679971489665,Q3
867383,0.47031908635909375,Q1
867384,1.1295413336914915,Q5
867386,0.6206988807800354,Q1
867388,0.8333333333333334,Q3
867390,0.8392873292936601,Q3
867391,0.7334843861523206,Q2
867392,1.1300324097491523,Q5
867399,1.140983606557377,Q5
867404,0.8458406757003099,Q3
867406,0.9889545513685263,Q4
867408,0.6798827457236213,Q2
867410,0.8832322478305495,Q3
867412,1.1039233235524035,Q5
867418,0.8082751984604283,Q3
867427,1.1561461794019934,Q5
867428,1.0652993284481604,Q4
867430,0.8384765082012788,Q3
867431,1.0114341200483523,Q4
867432,0.7268958702384826,Q2
867433,0.7817061774651212,Q2
867434,0.7179189633497728,Q2
867437,1.1551867219917011,Q5
867440,1.16,Q5
867444,0.8063239275080807,Q3
867445,0.9223171076673726,Q3
867449,1.1293842746221188,Q5
867454,1.2213893554614055,Q5
867456,0.7099070796911496,Q2
867457,0.6810859785001026,Q2
867458,0.48109392757161823,Q1
867460,0.8911884172063101,Q3
867461,0.7273948827053357,Q2
867464,0.6297127863981277,Q1
867468,0.9553260720370117,Q4
867469,0.8877466095668728,Q3
867471,1.1921699612994396,Q5
867473,0.9957318963256159,Q4
867475,0.7512227324697752,Q2
867490,0.501120715886737,Q1
867495,1.1794361244677922,Q5
867513,1.1503008721912962,Q5
867515,0.6886520822820504,Q2
867519,1.0980582524271845,Q5
867522,0.9044540463272798,Q3
867523,0.5057392962975579,Q1
867525,0.9476787553724293,Q4
867530,0.9412736092476004,Q4
867531,0.85870281041476,Q3
867532,0.3472765072765073,Q1
867554,1.0705907989694026,Q4
867556,1.025984026754087,Q4
867557,1.2931995540691192,Q5
867561,1.0545454545454545,Q4
867567,0.9078260869565217,Q3
867571,0.9856821175171007,Q4
867575,0.5564680547082349,Q1
867577,0.4993522394506278,Q1
867598,0.4993522394506278,Q1
867601,0.6571771725156815,Q2
867611,1.2284701487048995,Q5
867616,0.9199386120147155,Q3
867617,0.7757579760609807,Q2
867627,0.8260164163285186,Q3
867628,0.8449079928377051,Q3
867632,0.8351236458380947,Q3
867648,0.6049509970525799,Q1
867652,1.0062586793996233,Q4
867653,1.0349827131120115,Q4
973233,1.0292337125798312,Q4
973248,0.8875349792780985,Q3
973249,0.9461939581087773,Q4
973254,1.0067259709264482,Q4
973273,1.0203002007712163,Q4
973274,0.7733333333333333,Q2
973276,0.819513343865074,Q3
973277,1.1047619047619048,Q5
973285,0.527163809130345,Q1
973290,0.7718460627037375,Q2
973292,1.06815784627233,Q4
973294,1.16,Q5
973297,0.769894471361253,Q2
973298,0.4915832842848734,Q1
973300,1.16,Q5
973304,1.0832684824902723,Q5
973308,1.0223915228038312,Q4
973315,0.7056553817809977,Q2
973316,0.6938225978894312,Q2
973317,0.378997427569078,Q1
973319,0.8285714285714286,Q3
973320,1.2527843401957475,Q5
973327,0.5205100400104701,Q1
973331,1.16,Q5
973337,0.8302863652902126,Q3
973339,0.7198173862296019,Q2
973340,1.07805021607472,Q5
973347,0.8115353677330559,Q3
973348,0.8080401362571169,Q3
973349,0.6784176752497767,Q2
973350,0.2552102335499303,Q1
973353,0.6105722234754493,Q1
973356,0.9979107779279833,Q4
973359,0.6441288411927798,Q2
973364,0.8536153280095936,Q3
973366,0.6042481054418427,Q1
973372,0.6420123242659043,Q2
973375,1.3036963036963036,Q5
973388,0.8875349792780985,Q3
973389,0.43016733880313357,Q1
973390,0.49923642926558376,Q1
973391,1.16,Q5
973395,0.9166639228211122,Q3
973408,1.16,Q5
973409,0.4915832842848734,Q1
973419,0.8058286952422695,Q3
973423,1.0659315414656558,Q4
973427,0.35364217139341875,Q1
973432,0.8875349792780985,Q3
973434,1.2656271309724054,Q5
973438,1.2654545454545454,Q5
973445,0.7486882932139922,Q2
973451,0.8302863652902126,Q3
973461,0.7638383976953151,Q2
973464,0.8285714285714286,Q3
973470,0.6042481054418427,Q1
973472,0.8351583852507463,Q3
973474,0.4915832842848734,Q1
973483,0.7638383976953151,Q2
973487,0.8543021971277771,Q3
973497,0.953780375889196,Q4
973498,0.4102005435219241,Q1
973499,0.8302863652902126,Q3
973500,0.871683545671542,Q3
973503,0.4102005435219241,Q1
973508,0.871683545671542,Q3
973521,0.8436261378649955,Q3
973525,1.0067259709264482,Q4
973529,0.8250782212592834,Q3
973531,0.8159590332292282,Q3
973532,0.4938881602981411,Q1
973540,0.5188297122202015,Q1
973547,1.0197802197802197,Q4
973558,0.8947658402203857,Q3
973567,0.35364217139341875,Q1
973569,0.4938881602981411,Q1
973578,1.1938762382606458,Q5
973591,1.1368555164443865,Q5
973596,0.8610822179557087,Q3
973597,0.6887199747850499,Q2
973601,0.9864145289627665,Q4
973607,0.4243729929677655,Q1
973622,0.9462950373895309,Q4
973630,0.5769683586333159,Q1
973641,0.779704384492845,Q2
973644,0.2552102335499303,Q1
974555,0.9156991086405947,Q3
974565,1.1616747477613558,Q5
974568,0.9185528233861436,Q3
974578,1.0964371045238532,Q5
974599,0.6101208483683136,Q1
974607,1.0285967634670805,Q4
974613,0.8603745596143149,Q3
974618,0.9245828020989093,Q3
974619,0.5022475457401867,Q1
974628,0.9215110265215772,Q3
974644,0.9642988459605065,Q4
974661,0.41085580201000577,Q1
974673,0.9573919323222945,Q4
974676,1.0010787486515642,Q4
974729,1.1140233288649688,Q5
974731,1,Q4
974774,0.7031013233659965,Q2
974782,0.857504806474209,Q3
974823,0.6523623923078726,Q2
974826,1.0715862546783408,Q4
974910,0.7300790469411456,Q2
974961,0.7898123287888864,Q3
974962,0.8177382224327272,Q3
974971,1.128809218950064,Q5
974999,1.0587468308583847,Q4
975060,0.9895031158922352,Q4
975099,1.0700777958857355,Q4
975158,1.008695652173913,Q4
975182,0.6742239159622513,Q2
975226,1.1248154324207187,Q5
975251,0.8787878787878788,Q3
975321,0.5850718570902613,Q1
975331,1.1047619047619048,Q5
975352,1.044888154931692,Q4
975386,1.0593607305936072,Q4
975409,0.7198749288916647,Q2
975428,1.1486096212558792,Q5
975453,0.47341705423720165,Q1
975536,1.0952293529859163,Q5
975572,1.0271521086847117,Q4
975573,0.7238815025394789,Q2
975575,1.1425829344984784,Q5
975577,0.8504219453780199,Q3
975578,0.923505606050554,Q3
975579,1.1443047318664912,Q5
975580,1.0376959968193227,Q4
975586,0.6452277847124859,Q2
975592,0.810613843704603,Q3
975606,1.16,Q5
975613,0.8536153280095936,Q3
975629,0.9464022662889519,Q4
975631,0.7855651379818077,Q2
975634,0.8944520838420316,Q3
975639,0.7626826118957303,Q2
975642,0.6311923277484299,Q1
975648,0.7413558115720645,Q2
975653,1.1468589083419156,Q5
975665,1.1184757099628266,Q5
975666,1.0427218989664873,Q4
975675,0.9798676615514571,Q4
975686,0.4596498268946966,Q1
975692,1.1361476618841349,Q5
975695,1.5823999465043965,Q5
975704,0.2552102335499303,Q1
975705,0.7410113501584575,Q2
975706,0.38396675230420657,Q1
975707,0.6516215327212002,Q2
975709,0.32961942735695926,Q1
975710,0.5850969338660404,Q1
975711,0.3947741581743586,Q1
975716,0.5114222051325086,Q1
975717,0.49897323940757243,Q1
975718,0.5546367734514688,Q1
975719,0.7178004828778853,Q2
975720,0.43125488605879536,Q1
975721,0.5013258100210006,Q1
975724,1.0232042864530966,Q4
975726,0.5590621050425283,Q1
975735,0.26042950500572265,Q1
975742,0.558926666939048,Q1
975748,0.9041231131626123,Q3
975749,0.5545125331134011,Q1
975771,1.064483479903736,Q4
975773,0.40239334494005796,Q1
975784,0.5207130947800436,Q1
975787,1.1068922330676103,Q5
975792,0.2552102335499303,Q1
975822,0.2552102335499303,Q1
975825,1.1068922330676103,Q5
975826,1.1047619047619048,Q5
975828,1.1068922330676103,Q5
975839,1.1502394907580218,Q5
975848,0.6179731634499063,Q1
975849,0.6946290121658321,Q2
975856,0.7491049050697661,Q2
975867,1.0485085869237722,Q4
975874,0.7971196037307717,Q3
975876,0.610765372855798,Q1
975882,0.5653148766378739,Q1
975887,0.6788523775140987,Q2
975889,0.6342741125126685,Q1
975893,0.638948026456715,Q2
975895,0.7003068873572471,Q2
975897,0.6789977744774812,Q2
975899,1.3910089061543651,Q5
975905,0.7205254803805365,Q2
975909,0.8893026312186841,Q3
975918,1.6115748888355956,Q5
975922,0.8287957219873319,Q3
975928,1.0894149872823322,Q5
975935,1.0755248648100173,Q4
975942,0.8609076274631767,Q3
975945,0.8686806912002397,Q3
975950,0.5497744325267409,Q1
975952,0.6536595921164144,Q2
975954,0.7701231902037969,Q2
975960,0.8346519480195862,Q3
975965,1.138450088532487,Q5
975969,1.16,Q5
975983,0.9277472993070458,Q4
975993,0.6217028078345631,Q1
975998,0.31884775019927986,Q1
975999,0.8882114181392793,Q3
976002,0.9425814493913418,Q4
976004,0.7788628037647392,Q2
976005,0.758032754631866,Q2
976009,0.7566730149855271,Q2
976018,0.665687033188707,Q2
976029,0.4656312615195234,Q1
976030,0.5527777878058202,Q1
976038,0.861531158590995,Q3
976040,0.6568582545187318,Q2
976046,0.8444296156995966,Q3
976053,0.7775390111891958,Q2
976065,0.645625101458686,Q2
976066,0.9959824415164406,Q4
976074,0.5497744325267409,Q1
976077,0.6680409333555061,Q2
976082,1.0485085869237722,Q4
976085,0.7720158132908596,Q2
976088,0.6568582545187318,Q2
976092,0.8918663328147866,Q3
976103,0.7315697453214681,Q2
976108,0.9686008789156123,Q4
976115,1.031758725749886,Q4
976117,0.6904534710520979,Q2
976124,0.8135617397747569,Q3
976131,0.9597244176907195,Q4
976133,0.5274725274725275,Q1
976137,0.6342741125126685,Q1
976145,1.1299195144642935,Q5
976148,0.564727360320499,Q1
976149,0.557726010058247,Q1
976152,0.758789860997547,Q2
976156,0.7577554193855308,Q2
976160,0.9243334772070786,Q3
976163,0.8602549246813441,Q3
976164,0.7578666300547522,Q2
976166,1.339644998887238,Q5
976167,0.4338847805250567,Q1
976170,0.4850170620379109,Q1
976174,0.3741327966579097,Q1
976180,0.9133668238769759,Q3
976181,0.6536595921164144,Q2
976184,0.4668851774763679,Q1
976187,0.5357248235417876,Q1
976188,0.5880425316969047,Q1
976189,0.6005321278181769,Q1
976199,0.8640595903165735,Q3
976204,1.153463705667882,Q5
976212,0.9861616209323194,Q4
976227,0.8975268272463501,Q3
976234,0.758789860997547,Q2
976240,0.9098584337841591,Q3
976258,0.7423721777634279,Q2
976267,0.3609552868367144,Q1
976326,0.4557807537408729,Q1
976353,1.0137136161935247,Q4
976354,1.0987078005547664,Q5
976356,0.9347944798774248,Q4
976358,0.9305255151760037,Q4
976359,0.9463798860773338,Q4
976368,1.1372549019607843,Q5
976373,0.5938088038032582,Q1
976375,0.6253163988327151,Q1
976384,0.878344270570419,Q3
976386,1.16,Q5
976393,0.6667116216371214,Q2
976394,0.6437934976856734,Q2
976397,1.1293292984690773,Q5
976399,0.5990750088501166,Q1
976406,1.0926216640502355,Q5
976420,0.2643929784208672,Q1
976424,1.0540469188405974,Q4
976447,0.7115168360820157,Q2
976450,0.638948026456715,Q2
976457,0.6401250819125577,Q2
976460,0.534822715694696,Q1
976462,0.9742668501971398,Q4
976467,0.5022475457401867,Q1
976474,0.8264070292092139,Q3
976476,0.9665777734405057,Q4
976477,0.6547533691118724,Q2
976478,0.9805579036348268,Q4
976483,1.16,Q5
976484,0.550888961443709,Q1
976494,0.7487091222030982,Q2
976527,0.6268276694932441,Q1
976576,0.7530765583281089,Q2
976577,0.7204811346524892,Q2
976580,0.66778771788710245,Q2
976588,0.8634164495720134,Q3
976589,0.813624365195764,Q3
976597,0.36936597481306155,Q1
976617,0.9517922686023422,Q4
976622,0.733596837944664,Q2
976624,0.8444296156995966,Q3
976625,1.070508465886515,Q4
976631,0.543364883136952,Q1
976632,0.7946255570883622,Q3
976634,0.8695186593135943,Q3
976635,1.0440522026101307,Q4
976646,1.0800186210107072,Q5
976662,0.7720158132908596,Q2
976664,0.757473521076483,Q2
976665,0.9219236848046963,Q3
976673,1.2347988774555658,Q5
976674,0.6679210750897108,Q2
976679,0.6719610725999321,Q2
976681,0.5047477228335493,Q1
976694,0.587825425983404,Q1
976709,0.4928654887936834,Q1
976714,1.0170833804729043,Q4
976722,0.5151774517127489,Q1
976733,0.9849114676383706,Q4
976734,0.504562500194182,Q1
976738,0.9565977164960092,Q4
976745,0.7788628037647392,Q2
976753,0.7329581954063741,Q2
976759,0.7181208315001344,Q2
976764,0.9819023476248209,Q4
976766,0.7199379363847944,Q2
976767,0.75,Q2
976769,1.0103839322311792,Q4
976776,0.8661795295749106,Q3
976787,0.9957081545064378,Q4
976792,0.9137155797696019,Q3
976796,1.0937345634611817,Q5
976802,0.7223913645170219,Q2
976808,0.8848394957092913,Q3
976813,0.9844529049140136,Q4
976815,0.4811967695518596,Q1
976818,0.6933149801677142,Q2
976830,0.7306741413791474,Q2
976839,0.665687033188707,Q2
976841,0.665687033188707,Q2
976843,0.924057355284121,Q3
976844,0.6644315291853458,Q2
976847,0.9221520192777469,Q3
976858,0.8220205921994193,Q3
976880,0.9319764327798608,Q4
976894,0.567503108628738,Q1
976896,0.7566730149855271,Q2
976899,0.7566730149855271,Q2
976905,1.0991625005552073,Q5
976908,1.0350382934426094,Q4
976911,0.46310833268643076,Q1
976917,0.5670396011169703,Q1
976919,0.7204811346524892,Q2
976921,0.869859902371493,Q3
976922,0.8,Q3
976934,0.6698426447235456,Q2
976943,0.46310833268643076,Q1
976944,0.9198035285566397,Q3
976950,0.7247944737892611,Q2
976952,0.8686806912002397,Q3
976962,0.586412137479463,Q1
976969,1.149913043478261,Q5
976992,0.8332335687776846,Q3
976998,0.7208113566255613,Q2
977001,0.5936401184721444,Q1
977006,0.8652949586622739,Q3
977008,0.7775390111891958,Q2
977018,0.9065450993161837,Q3
977024,0.41895021669838794,Q1
977031,0.7775390111891958,Q2
977034,0.9328151027207107,Q4
977035,0.8323035835293179,Q3
977039,0.9021569620253165,Q3
977045,0.6680409333555061,Q2
977053,0.7131651828301181,Q2
977057,0.8818713450292398,Q3
977064,0.9720670391061452,Q4
977067,1.0339688862272114,Q4
977068,1.1594290690190436,Q5
977069,0.45247419738922,Q1
977070,0.5509880829078395,Q1
977075,0.45466765492895816,Q1
977087,0.7236509524270487,Q2
977088,0.73191230657372075,Q2
977108,0.7129694478250268,Q2
977109,0.8062188603408093,Q3
977111,1.0826666666666667,Q5
977112,1.0384959713518354,Q4
977118,1.1795099169400844,Q5
977119,0.6401250819125577,Q2
977120,0.757473521076483,Q2
977128,0.5904977375565611,Q1
977133,1.0363384975360725,Q4
977138,0.753494939985879,Q2
977142,0.6428180953593385,Q2
977149,1.042347642090096,Q4
977159,0.7490011972181493,Q2
977166,0.543364883136952,Q1
977176,0.6431285423444181,Q2
977181,0.6342741125126685,Q1
977184,0.8473596104093746,Q3
977187,0.5777151891861467,Q1
977200,0.9552959907764526,Q4
977201,0.9968990850004746,Q4
977202,0.5004193592806472,Q1
977203,0.77060222837688,Q2
977204,1.16,Q5
977212,0.7115383179534658,Q2
977219,1.0526315789473684,Q4
977220,0.993631425735286,Q4
977224,0.8027681660899654,Q3
977226,0.5990750088501166,Q1
977230,0.9113337835789009,Q3
977239,0.7866576066846521,Q2
977241,0.880965822070219,Q3
977249,0.7577554193855308,Q2
977252,0.6484108708464217,Q2
977254,0.8941980953979108,Q3
977257,1.150603405521574,Q5
977266,1.0150000000000001,Q4
977267,0.672615404439004,Q2
977269,0.9217877094972067,Q3
977280,0.6834082038441711,Q2
977285,0.5347548054110907,Q1
977288,0.638948026456715,Q2
977293,0.986246047842144,Q4
977295,0.8626087777643348,Q3
977297,1.6115748888355956,Q5
977299,0.4850170620379109,Q1
977300,0.557726010058247,Q1
977301,0.3337760880882144,Q1
977302,0.3779221460500123,Q1
977303,0.3337760880882144,Q1
977304,0.5357248235417876,Q1
977305,0.6540963729898561,Q2
977307,0.6540963729898561,Q2
977310,0.8383644237440883,Q3
977312,0.2552102335499303,Q1
977316,1.0772159539397315,Q5
977328,0.6471492887866508,Q2
977336,0.6716871636336731,Q2
977340,0.9228015512612284,Q3
977341,0.7356018618336779,Q2
977343,0.805868682441094,Q3
977354,0.8997076546745421,Q3
977357,0.6806160748953795,Q2
977359,0.9238733656335036,Q3
977370,0.705494325558185,Q2
977376,0.910034404138303,Q3
977380,0.7791709314227225,Q2
977385,1.0488245931283906,Q4
977393,0.40225400953619417,Q1
977402,0.5603652109374494,Q1
977404,0.8093394156914167,Q3
977408,0.8755291569586191,Q3
977409,0.4617558261798688,Q1
977412,0.39672052298114163,Q1
977414,0.8479343012212135,Q3
977420,0.6494253767320343,Q2
977457,1.16,Q5
977469,1.0017487424167189,Q4
977477,0.9619349265764469,Q4
977484,1.16,Q5
977501,1.0393075265177723,Q4
977521,0.7590279026882947,Q2
977527,0.7449106081711416,Q2
977538,0.775456970396052,Q2
977623,1.0485085869237722,Q4
977645,0.9842367001844801,Q4
977647,0.5417607223476298,Q1
977656,0.9653928843886539,Q4
977663,0.3630218439006071,Q1
977666,0.5311546058538337,Q1
977674,1.0243956286565845,Q4
977689,0.7003044631439899,Q2
977694,0.9825882352941177,Q4
977744,1.1333395366148693,Q5
977770,1.000464775302703,Q4
977778,0.3490821546795065,Q1
977803,1.1087657811939942,Q5
977805,0.5804736503744374,Q1
977809,0.7449106081711416,Q2
977831,0.2552102335499303,Q1
977835,1.16,Q5
977840,0.7093861160090916,Q2
977850,0.9666666666666667,Q4
977911,0.2552102335499303,Q1
977984,1.2139786955709213,Q5
977987,1.0807453416149069,Q5
978005,0.42775175808297305,Q1
978010,0.9035147502677441,Q3
978051,0.8070525554528227,Q3
978059,1.1304700921443074,Q5
978063,0.521050530145069,Q1
978065,0.7950073207962534,Q3
978067,0.8893026312186841,Q3
978073,0.9305255151760037,Q4
978085,0.9826014870214893,Q4
978119,0.6776647489871859,Q2
978129,0.6606414530607237,Q2
978136,1.2308236438392501,Q5
978140,1.16,Q5
978149,0.8821889101079922,Q3
978158,0.5543587098340261,Q1
978160,1.1259175378642348,Q5
978162,0.7803053673483211,Q2
978166,1.1129485179407175,Q5
978169,0.8325524831037301,Q3
978174,0.7450330485249073,Q2
978178,1.0989123969127053,Q5
978180,0.6437934976856734,Q2
978182,0.7162113611262658,Q2
978219,0.6346761199364608,Q1
978224,0.338455823208331,Q1
978229,1.17297224594433,Q5
978232,0.8755377764359574,Q3
978248,0.5017846526809115,Q1
978251,0.6641538241328308,Q2
978258,0.9806407980387185,Q4
978261,1.2462252034172023,Q5
978266,0.9150948166877371,Q3
978271,0.4319903851669759,Q1
978300,0.47953407339492343,Q1
978302,0.9407820926994769,Q4
978310,0.9199935308095197,Q3
978311,0.40239334494005796,Q1
978312,0.7442245077264975,Q2
978313,0.8659173737614966,Q3
978323,0.7764469640883138,Q2
978342,0.6190030541850016,Q1
978345,1.4358686592782697,Q5
978349,1.16,Q5
978356,0.7635583721725393,Q2
978358,1.0862270776433867,Q5
978369,0.9463306457682138,Q4
978378,0.7095866892569714,Q2
978380,0.8445165306283479,Q3
978384,0.43015950928137603,Q1
978388,0.9252243270189432,Q3
978396,0.5151765452015942,Q1
978413,0.8793836150655675,Q3
978415,1.4827834145562035,Q5
978435,0.6588368307941991,Q2
978440,0.7527579493835171,Q2
978455,1.149297170103412,Q5
978490,0.8891854102049073,Q3
978491,0.8891854102049073,Q3
978496,0.8891854102049073,Q3
978531,0.5157931547171035,Q1
978536,1.6115748888355956,Q5
978544,1.4827834145562035,Q5
978548,1,Q4
978570,1.2364266204783159,Q5
978571,1.158792924037461,Q5
978573,0.5438459641989629,Q1
978577,0.8738366892135784,Q3
978579,0.9339774557165862,Q4
978580,1.0684515128720775,Q4
978593,0.9670960467420645,Q4
978595,0.5122612534986702,Q1
978598,0.7300624982572985,Q2
978599,0.7300624982572985,Q2
978603,0.8675669644203453,Q3
978614,1.16,Q5
978615,0.8389656938044034,Q3
978616,0.8933302773321109,Q3
978618,1.1394270122783083,Q5
978621,1.16,Q5
978624,0.949797519097925,Q4
978626,1.083605791686128,Q5
978627,1.083605791686128,Q5
978637,1.0357142857142858,Q4
978639,0.9108144912802555,Q3
978656,0.8397931746694568,Q3
978658,0.5589065696707773,Q1
978664,0.9670960467420645,Q4
978669,0.8509104948201531,Q3
978670,0.7300624982572985,Q2
978675,0.6796000159780567,Q2
978690,1.0874150456995548,Q5
978693,0.8559270104255676,Q3
978696,1.0411516061801194,Q4
978698,0.8397931746694568,Q3
978700,0.8571692478216694,Q3
978708,0.9315710222519659,Q4
978712,0.8568709248201831,Q3
978722,0.949797519097925,Q4
978746,0.7961246118034624,Q3
978776,0.9560716935350649,Q4
978791,0.9560716935350649,Q4
978808,0.9560716935350649,Q4
978820,1.1621998783411458,Q5
978822,0.8397931746694568,Q3
978825,0.5589065696707773,Q1
978828,0.9813894007907986,Q4
978832,0.5589065696707773,Q1
978844,0.8076158796311964,Q3
978849,0.8931954050058609,Q3
978871,0.9055752730532083,Q3
978883,1.0678593761986568,Q4
978925,0.8173528599060513,Q3
978932,0.6043989066145502,Q1
978938,0.9184481393507522,Q3
978939,0.99475758647417,Q4
978941,1.1724785214063966,Q5
978950,0.9373447358986071,Q4
978958,0.9607627204432024,Q4
978973,0.41695372173131645,Q1
978979,0.8717207404198913,Q3
978981,0.9482107517424018,Q4
978983,0.7682800626829484,Q2
978984,0.7682800626829484,Q2
978987,0.5282380854522017,Q1
978994,0.5282380854522017,Q1
978996,0.9482107517424018,Q4
979013,1.1237083811710677,Q5
979014,1.0890314504772336,Q5
979015,1.0890314504772336,Q5
979016,1.0890314504772336,Q5
979018,0.9184481393507522,Q3
979022,0.7682800626829484,Q2
979024,0.36749781501856726,Q1
979026,0.3873466153935342,Q1
979029,0.3873466153935342,Q1
979031,0.8642233491922413,Q3
979034,0.8646895546103371,Q3
979036,0.8933302773321109,Q3
979039,0.7336790022598051,Q2
979047,1.2346613994330218,Q5
979049,0.6252349562114855,Q1
979051,0.573566495805383,Q1
979052,0.4954634291557189,Q1
979055,1.2515359486918212,Q5
979060,1.2515359486918212,Q5
979061,1.2515359486918212,Q5
979083,0.5826719671637078,Q1
979088,0.7313292995805715,Q2
979108,0.36749781501856726,Q1
979113,0.4596498268946966,Q1
979117,0.9534899650661004,Q4
979121,0.9534899650661004,Q4
979125,0.7793776883687623,Q2
979129,0.7678503733975243,Q2
979130,0.8058378147803964,Q3
979133,0.8465414567109483,Q3
979137,0.4031186254373016,Q1
979138,1.2984595680033613,Q5
979139,0.26783560710022736,Q1
979143,0.48619407526259445,Q1
979145,0.5545125331134011,Q1
979147,0.2930022670481396,Q1
979153,0.27998902341882737,Q1
979155,0.5480788475819761,Q1
979165,0.500973379636169,Q1
979170,0.2698919699064717,Q1
979172,0.8572266919758162,Q3
979193,1.0051831763403245,Q4
979196,0.4620633013445161,Q1
979197,0.3173944358313903,Q1
979199,0.5441155776537361,Q1
979200,0.581868585227197,Q1
979206,1.6115748888355956,Q5
979208,0.31913453243333306,Q1
979215,0.7597856382813266,Q2
979221,1.0004009471430626,Q4
979227,0.6835119479039299,Q2
979230,0.8400269817095657,Q3
979235,0.47389190757526406,Q1
979239,0.31913453243333306,Q1
979243,0.47871416159860986,Q1
979252,0.9881217169088069,Q4
979256,0.847682635416083,Q3
979259,0.7586259908954144,Q2
979263,0.6258936520355033,Q1
979264,0.8241929037701496,Q3
979286,0.7584890345273348,Q2
979298,0.40643759781364597,Q1
979302,1.0008388256440983,Q4
979310,0.7335640138408305,Q2
979317,0.6392574653069009,Q2
979319,0.5942099686176009,Q1
979336,0.4214255348090106,Q1
979340,0.7780369201688998,Q2
979345,0.6644769575650533,Q2
979355,0.44646007197244264,Q1
979357,1.304114052953157,Q5
979375,1.0604603327270476,Q4
979376,0.8,Q3
979379,0.7291699405977936,Q2
979383,0.8223795860068509,Q3
979385,0.7815459987980695,Q2
979419,1.0958616527147242,Q5
979420,1.1436270724132833,Q5
979422,0.5514115395972928,Q1
979425,1.513290210360385,Q5
979429,0.3395270008078697,Q1
979430,0.6078372245922953,Q1
979435,0.8178077026074315,Q3
979443,0.858313561161683,Q3
979464,0.61107499227902,Q1
979483,0.9892320289205766,Q4
979505,0.8177897567660567,Q3
979512,0.5306349492172041,Q1
979522,1.0697570759973256,Q4
979526,1.109148616884238,Q5
979529,0.27998902341882737,Q1
979531,1.229060692720111,Q5
979543,0.378770356865893,Q1
979546,1.023291805308365,Q4
979548,0.701289728235836,Q2
979566,1.16,Q5
979578,1.0813703572630835,Q5
979584,0.9800309310528527,Q4
979589,1.1041874157184535,Q5
979592,0.745189228871588,Q2
979594,0.956627064917661,Q4
979599,1.0596214069866041,Q4
979609,1.16,Q5
979611,0.4477673668392973,Q1
979616,0.6137218661962481,Q1
979621,0.6137218661962481,Q1
979623,0.7653939964570123,Q2
979646,1.0051831763403245,Q4
979653,1.6115748888355956,Q5
979664,0.7243723478236187,Q2
979678,0.9017412935323383,Q3
979682,0.5124681062699199,Q1
979691,1.0650344299923489,Q4
979693,1.0296408009961084,Q4
979694,1.2778144965851508,Q5
979703,1.2778144965851508,Q5
979704,0.6276505110576889,Q1
979713,1.0051831763403245,Q4
979717,0.8302396952028427,Q3
979718,0.4688508480870203,Q1
979719,0.8960751273264289,Q3
979721,0.3189609937284753,Q1
979737,0.6065318818040435,Q1
979738,0.6772074920943809,Q2
979740,0.5974979383615633,Q1
979754,0.770620870191034,Q2
979761,0.5583176530290163,Q1
979763,0.6595317725752509,Q2
979764,0.7885476647472809,Q2
979770,0.7597856382813266,Q2
979772,0.3331062078311698,Q1
979785,0.26783560710022736,Q1
979787,0.7597856382813266,Q2
979797,1.0612067087780441,Q4
979798,0.7143508803941246,Q2
979799,0.8544019958222372,Q3
979805,1.1730654609139062,Q5
979807,1.028665497395082,Q4
979808,0.7093629299528709,Q2
979812,0.7930296567170025,Q3
979814,0.7841720777875902,Q2
979821,0.7841720777875902,Q2
979823,0.8866242038216561,Q3
979857,0.5673883393167887,Q1
979862,0.9220578494148819,Q3
979878,0.9884959522795057,Q4
979881,1.1523512684556259,Q5
979886,0.6378299120234604,Q2
979887,0.8636650587197787,Q3
979895,0.6018909985394727,Q1
979897,0.7428357970009072,Q2
979906,0.7417883099474895,Q2
979932,0.7852571664883499,Q2
979933,1.2007554662340492,Q5
979934,0.8695132963258617,Q3
979936,0.6936264968311558,Q2
979943,0.8283741966198525,Q3
979944,0.9120905800300168,Q3
979946,1.1118210862619808,Q5
979952,0.4625748289792876,Q1
979959,1.16,Q5
979963,0.7850103624751512,Q2
979964,0.7644734634101692,Q2
979973,1,Q4
979980,0.9942315174548756,Q4
979987,0.4688508480870203,Q1
979989,1.0982248520710058,Q5
979993,1.1555223508903,Q5
980003,0.5545125331134011,Q1
980005,1.1003778596385827,Q5
980007,1.0243202472497148,Q4
980009,0.3906096084491777,Q1
980012,1.1458776273869724,Q5
980013,0.6607176760964496,Q2
980015,1.092255344646793,Q5
980016,0.3173944358313903,Q1
980027,0.8488253444287706,Q3
980030,0.5124681062699199,Q1
980033,0.6353843344896841,Q1
980034,1.6016568864342424,Q5
980043,0.7694504583352527,Q2
980051,0.47744157171570273,Q1
980052,0.8894310359850135,Q3
980064,1.16,Q5
980066,0.9376651639981346,Q4
980086,0.6073602011656151,Q1
980089,1.6115748888355956,Q5
980090,0.6624581491041991,Q2
980100,0.5062876783327424,Q1
980102,0.8181442238818214,Q3
980109,0.6320240023828031,Q1
980138,0.7901458818186978,Q3
980139,0.5155997785385101,Q1
980143,1.0976928622927182,Q5
980147,0.4882839904588186,Q1
980148,0.8586502365307601,Q3
980151,0.7767062521505427,Q2
980164,0.40539811297320216,Q1
980166,0.6105263157894737,Q1
980216,1.1055340237626279,Q5
980228,0.8714542392617681,Q3
980253,1.1047619047619048,Q5
980264,0.8780487804878049,Q3
980279,0.8780487804878049,Q3
980282,1.2492147536570044,Q5
980298,0.8780487804878049,Q3
980363,1.055962547141185,Q4
980396,0.5556252494725438,Q1
980420,1.16,Q5
980445,1.0283213134736318,Q4
980469,1.2502994011976047,Q5
980484,1.1047619047619048,Q5
980550,1.1546027766431446,Q5
980563,1.1514600049631898,Q5
980582,1.0982248520710058,Q5
980589,1.0131004366812226,Q4
980594,0.6308747949203702,Q1
980604,1.4728220056206307,Q5
980614,0.8514588573093986,Q3
980615,0.9310384365484821,Q4
980617,0.5873754072716642,Q1
980622,0.33780873279256435,Q1
980625,1.0308199999074334,Q4
980626,0.8217116040200115,Q3
980630,0.38925580756852396,Q1
980641,0.2552102335499303,Q1
980642,0.33780873279256435,Q1
980646,1.0637830402262067,Q4
980662,0.4878658697548354,Q1
980664,0.27998902341882737,Q1
980665,0.5439626019814628,Q1
980667,0.4394809364548495,Q1
980671,1.15787722508734,Q5
980674,0.649479762977213,Q2
980675,1.242558450921825,Q5
980679,0.6306124914428382,Q1
980683,1.0123636363636364,Q4
980707,0.914049322219623,Q3
980715,1.20447046002521,Q5
980719,1.6115748888355956,Q5
980726,0.9657612654802789,Q4
980741,0.7548532785282629,Q2
980755,0.6803003682516721,Q2
980760,0.7548532785282629,Q2
980761,1.3249342378513083,Q5
980763,0.9671010619427165,Q4
980764,0.7491141007484221,Q2
980770,0.7514061875852439,Q2
980777,1.3655856714409844,Q5
980779,0.8845021498316142,Q3
980828,1.066339819212502,Q4
980829,1.0882915914053866,Q5
980831,1.113700233020972,Q5
980832,0.9230506901092239,Q3
980849,1.1293201362972578,Q5
980854,1.1092811985337088,Q5
980857,0.6375669857555077,Q2
980868,0.8482054397628348,Q3
980870,0.264138730177347,Q1
980873,0.264138730177347,Q1
980878,0.5602396106327219,Q1
980881,0.7291444104580174,Q2
980885,0.6237018213706207,Q1
980889,0.2552102335499303,Q1
980894,0.8163744061931851,Q3
980895,1.0265486725663717,Q4
980899,0.7063377576095861,Q2
980910,1.0171720862257947,Q4
980912,0.7593874432481966,Q2
980932,1.16,Q5
980939,0.8841837814948126,Q3
980942,0.70495290185354,Q2
980955,0.5662017805663034,Q1
980958,0.6205843489201818,Q1
980991,0.6571574321657265,Q2
981000,0.897567309766114,Q3
981003,0.617682562245462,Q1
981020,0.6355214662815021,Q1
981021,0.5805740612111655,Q1
981023,0.35014977371487027,Q1
981025,0.5769474400381629,Q1
981028,0.7030595449602777,Q2
981053,0.6735375235883292,Q2
981056,0.9874156815194285,Q4
981057,0.2552102335499303,Q1
981072,0.7242907985930443,Q2
981116,0.4053342651362417,Q1
981133,1.0526754628772315,Q4
981143,0.7748974782431203,Q2
981148,0.8841837814948126,Q3
981154,0.6873225527712629,Q2
981160,0.7655806838104393,Q2
981176,0.8841837814948126,Q3
981178,1.1132437619961613,Q5
981193,0.70495290185354,Q2
981198,0.6556275482889471,Q2
981202,0.5078674924797415,Q1
981203,0.7116200603241143,Q2
981204,0.6556275482889471,Q2
981211,1.2269812471077355,Q5
981215,0.2552102335499303,Q1
981218,1.0563594050389558,Q4
981220,0.6205843489201818,Q1
981228,1.1489888567891045,Q5
981240,1.0084498508268736,Q4
981243,0.8308587629635157,Q3
981249,1.6115748888355956,Q5
981268,0.6177514792899409,Q1
981279,0.4053342651362417,Q1
981288,0.6177514792899409,Q1
981299,0.9018297592714282,Q3
981306,1.2689482731676824,Q5
981456,1.1050908008335814,Q5
981459,0.8718441926463896,Q3
981462,1.16,Q5
981468,1.0914736462433547,Q5
981581,0.5457660655311352,Q1
981585,0.6105722234754493,Q1
981587,0.6746201626778027,Q2
981592,0.6894686108137147,Q2
981604,1.0163675083662913,Q4
981605,0.35014977371487027,Q1
981614,0.857118867026785,Q3
981623,0.9570722076799544,Q4
981630,0.770479704797048,Q2
981645,1.1133328001279692,Q5
981648,0.9570722076799544,Q4
981651,0.759680192103037,Q2
981653,0.5792759051186017,Q1
981654,1.6115748888355956,Q5
981658,0.7176113132042157,Q2
981666,0.5774682295675903,Q1
981671,0.8408132693864236,Q3
981679,1.4635107962833975,Q5
981694,0.5805740612111655,Q1
981697,0.7517989611297317,Q2
981699,0.5769683586333159,Q1
981704,0.43471042232942925,Q1
981706,0.9825595676737903,Q4
981708,1.0730095804426825,Q4
981714,0.9612994116184636,Q4
981718,0.9845772468078371,Q4
981728,0.8430232558139535,Q3
981730,0.9630710739336275,Q4
981743,0.8430232558139535,Q3
981758,1.16,Q5
981773,0.975818351974595,Q4
981775,0.8419185097074655,Q3
981777,0.8419185097074655,Q3
981786,0.38926226331930236,Q1
981798,0.6444684944752428,Q2
981801,0.9463002183615311,Q4
981806,0.6444684944752428,Q2
981808,0.6444684944752428,Q2
981884,0.45809063086188173,Q1
981962,1.0505462161091301,Q4
982030,0.8430232558139535,Q3
982033,0.7442103606105518,Q2
982038,0.7442103606105518,Q2
982039,0.8414550710142578,Q3
982042,0.8414550710142578,Q3
982045,1.214129960750109,Q5
982056,0.3260535675680378,Q1
982058,0.7504281419415156,Q2
982059,0.2552102335499303,Q1
982062,0.6423553942653351,Q2
982063,0.26686705615319944,Q1
982064,0.43061645901487206,Q1
982066,0.7836133801285834,Q2
982070,0.5613469099707632,Q1
982073,0.35321605650701565,Q1
982077,0.856378233719893,Q3
982079,0.42904217188658494,Q1
982080,1.0854889379052202,Q5
982083,0.34946363593402957,Q1
982084,0.9709251911398002,Q4
982085,0.4933528500696436,Q1
982086,0.558926666939048,Q1
982087,0.43751804956802814,Q1
982094,0.7986326093972245,Q3
982097,0.7051231179409594,Q2
982101,0.6094987890480686,Q1
982117,0.8286779102378992,Q3
982121,0.5252522965637859,Q1
982124,1.2080973768144243,Q5
982127,0.44149834781592157,Q1
982131,0.7704998735552696,Q2
982137,0.7861521817526145,Q2
982141,0.3815425992792611,Q1
982145,0.378997427569078,Q1
982146,1.16,Q5
982147,0.47409246278886935,Q1
982172,0.3774485915349742,Q1
982174,0.4682614267407091,Q1
982176,0.5579247763491199,Q1
982177,0.6803870429871515,Q2
982181,1.1262135922330097,Q5
982182,1.16,Q5
982191,0.46347608108317406,Q1
982199,0.8555799135405356,Q3
982210,0.7030184677025639,Q2
982225,0.8796319700722917,Q3
982227,1.1599861906405877,Q5
982240,0.7904535535527415,Q3
982250,0.8529150454949297,Q3
982252,0.7069250212570845,Q2
982256,0.9942090181614561,Q4
982257,0.5564680547082349,Q1
982274,0.996744716360692,Q4
982299,0.4156485301509413,Q1
982303,0.4156485301509413,Q1
982304,0.9377842153131,Q4
982310,0.7004623901633662,Q2
982318,0.990293784681625,Q4
982319,0.9608393539183654,Q4
982321,0.9013223247520937,Q3
982331,1.0707692307692307,Q4
982335,0.5378582495413168,Q1
982351,0.5896306336834971,Q1
982354,0.868708813657825,Q3
982355,0.6143071153901203,Q1
982358,0.9751681324366269,Q4
982370,0.7319992947268459,Q2
982379,0.7009621335551185,Q2
982385,0.5154243648902896,Q1
982392,0.8990608188200967,Q3
982393,0.6571771725156815,Q2
982396,1.16,Q5
982399,0.5483314402181091,Q1
982400,0.8068280345465871,Q3
982401,0.7985507246376812,Q3
982417,0.7983757183660827,Q3
982419,0.9476787553724293,Q4
982423,0.6753630025948475,Q2
982428,0.7217395622124809,Q2
982435,0.6467980707574785,Q2
982436,1.0368522001452487,Q4
982442,0.6049509970525799,Q1
982447,0.8111909599251959,Q3
982453,0.5051911194887946,Q1
982457,0.4556948101860885,Q1
982469,0.920315366688154,Q3
982470,1.2044797151969147,Q5
982473,0.6717370609163853,Q2
982486,0.6467980707574785,Q2
982492,1.6115748888355956,Q5
982495,0.5887571263757233,Q1
982506,1.6115748888355956,Q5
982507,0.5288899485263177,Q1
982512,1.1135693768421369,Q5
982514,1.0452044457957774,Q4
982517,1.0142815505683473,Q4
982523,0.4963546895314583,Q1
982524,0.7854949415766787,Q2
982525,0.7919778109665031,Q3
982526,0.8942895967573211,Q3
982537,1.0803748714532413,Q5
982541,0.7922542284359808,Q3
982547,0.2699624583456363,Q1
982565,1.475022706630336,Q5
982575,0.801914997169221,Q3
982583,0.9082525707723627,Q3
982594,1.0803748714532413,Q5
982603,0.4415800020091044,Q1
982608,0.8567309962267436,Q3
982620,0.6392652123995407,Q2
982636,0.82679971489665,Q3
982646,1.1491406211303186,Q5
982653,0.6149496377451846,Q1
982654,0.9557455839211035,Q4
982662,0.9002266440512551,Q3
982667,1.1280127804403697,Q5
982673,0.9557455839211035,Q4
982677,1,Q4
982680,0.7641312947026817,Q2
982682,0.8874348480513503,Q3
982689,0.5679876527971454,Q1
982693,1.1466742552458549,Q5
982697,0.9286190793862575,Q4
982713,1.4363328532079953,Q5
982714,0.7723389718534213,Q2
982723,0.8822550743927366,Q3
982731,0.7838622484733206,Q2
982733,0.48735703726756396,Q1
982738,0.6737070342370945,Q2
982741,0.9028993967697996,Q3
982744,0.6599174852529168,Q2
982749,1.2460297185248959,Q5
982752,0.8173330984675005,Q3
982774,1.0893510457222233,Q5
982785,0.7109839875373496,Q2
982799,1.0539546012084136,Q4
982803,0.8011754907470732,Q3
982831,1.27780897662966,Q5
982843,0.6120235664246841,Q1
982849,0.8297622911188676,Q3
982855,0.9693424557371912,Q4
982865,0.7852428498899983,Q2
982866,0.4785992719583632,Q1
982870,0.5057392962975579,Q1
982873,0.6846593346258771,Q2
982874,0.9535552815454171,Q4
982876,0.7169770952443214,Q2
982883,1.1144181140036922,Q5
982885,0.8271717077394545,Q3
982886,0.8914949333940567,Q3
982887,0.7237454684350247,Q2
982888,0.5057392962975579,Q1
982890,0.696187759729139,Q2
982896,0.4785992719583632,Q1
982897,0.9725609756097562,Q4
982904,0.2552102335499303,Q1
982907,0.6557891926694829,Q2
982910,0.48002206998022895,Q1
982917,0.9709251911398002,Q4
982918,0.6143071153901203,Q1
982919,0.8341836016846256,Q3
982921,0.2552102335499303,Q1
982937,0.9325869461648404,Q4
982952,0.9089941664167481,Q3
982957,0.338455823208331,Q1
982976,1.149048134963628,Q5
982981,0.6952934591466612,Q2
982984,0.8962892850933957,Q3
982988,0.747362486913103,Q2
982989,0.6157189243608688,Q1
982993,0.457265495398328,Q1
983017,0.9666666666666667,Q4
983024,0.8478022544343767,Q3
983030,1.1228440689897923,Q5
983031,0.8831286536457154,Q3
983036,0.6439563979288674,Q2
983039,0.9346719421848305,Q4
983045,1.048745573721088,Q4
983050,1.0518702434285097,Q4
983057,0.7321226806049516,Q2
983070,1.0174446934996588,Q4
983078,0.531444226546918,Q1
983091,0.9323010153508184,Q4
983098,0.5337555161705048,Q1
983108,0.4601348671162237,Q1
983111,1.1639444785105078,Q5
983112,0.9645901184949068,Q4
983113,0.7861521817526145,Q2
983118,0.26317986951295025,Q1
983122,0.8227855061307527,Q3
983132,0.7190661083189018,Q2
983137,0.613387290302121,Q1
983138,1.16,Q5
983139,0.8351236458380947,Q3
983150,1.1294914536698948,Q5
983156,0.9203088474888432,Q3
983160,0.8940918566269853,Q3
983163,0.6457231614577253,Q2
983164,0.6726764721387527,Q2
983165,0.5676458194570936,Q1
983174,0.6820907339541817,Q2
983175,0.6529835685002192,Q2
983187,0.4279830155372847,Q1
983189,0.8846131284096908,Q3
983194,0.5969125214408233,Q1
983210,0.9156509212421805,Q3
983212,1.122132107082022,Q5
983215,0.6667670284251872,Q2
983222,0.63721189279093,Q2
983235,1.0473252576931757,Q4
983237,0.4221343257071313,Q1
983245,0.7681255387998351,Q2
983246,0.7409247365246088,Q2
983251,0.9175565383094237,Q3
983253,1.0695556964213682,Q4
983255,0.9594375710790226,Q4
983260,0.785098912874889,Q2
983263,0.7089862650888779,Q2
983266,0.8270075361153131,Q3
983274,0.5179083942086531,Q1
983275,0.6529835685002192,Q2
983276,0.6529835685002192,Q2
983285,1.0545454545454545,Q4
983290,0.7681255387998351,Q2
983292,0.7529531552027237,Q2
983299,1.132067799367007,Q5
983306,0.8192359821294112,Q3
983310,0.8165699564437361,Q3
983315,0.6333798459018383,Q1
983319,1.128336069061949,Q5
983321,1.1564343274902384,Q5
983327,1.0734528629265472,Q4
983331,0.7547169811320755,Q2
983342,0.647883827727442,Q2
983350,1.16,Q5
983351,0.6295936136050114,Q1
983354,0.7995558023320377,Q3
983359,0.9117669723356707,Q3
983362,0.5963440314517431,Q1
983365,0.9485196415795033,Q4
983382,0.7409247365246088,Q2
983383,0.7148447369556242,Q2
983386,0.7424,Q2
983389,0.6762616141373656,Q2
983392,0.9414746494566087,Q4
983394,0.43577622640328084,Q1
983410,1.1373942885157495,Q5
983411,1.1909511976012974,Q5
983418,1.0164664646390886,Q4
983420,0.48418986804141834,Q1
983422,0.6677932057949644,Q2
983428,0.5773059057730591,Q1
983430,0.7468478941250112,Q2
983433,0.9138962120869485,Q3
983435,1.0180737618602924,Q4
983440,0.8060541183783081,Q3
983444,0.35639180551572314,Q1
983446,0.8227855061307527,Q3
983455,1.1464084460197848,Q5
983456,1.0588542119447102,Q4
983460,0.9993060374739764,Q4
983472,0.4829452523269991,Q1
983473,0.8931173866417357,Q3
983479,1.266290297050599,Q5
983491,0.9769700826307072,Q4
983495,0.9666666666666667,Q4
983498,1.0851667440591393,Q5
983508,0.8824508296749449,Q3
983544,1.157684630738523,Q5
983547,1.0689374192089625,Q4
983553,0.8940918566269853,Q3
983567,0.7204187655878788,Q2
983576,0.633735488276804,Q1
983579,0.9262809023253618,Q3
983583,1.046974358974359,Q4
983584,1.0669937145485207,Q4
983589,0.7701890061526593,Q2
983594,1.3615023474178405,Q5
983595,0.6940012763241864,Q2
983605,0.9151822008316496,Q3
983611,0.4964956396126478,Q1
983613,0.8786260107039509,Q3
983614,0.7368669268543528,Q2
983615,0.6957748963570609,Q2
983628,0.6957748963570609,Q2
983639,1.0192824017573836,Q4
983647,0.7019531022711845,Q2
983655,0.7113382305972533,Q2
983666,0.9846966445801598,Q4
983669,0.6026791512845898,Q1
983674,0.8505066904082327,Q3
983679,0.6198541266794626,Q1
983697,0.4785992719583632,Q1
983699,0.8851470793961669,Q3
983701,0.9764720737404773,Q4
983708,0.87343231605449545,Q3
983710,0.7217857976199735,Q2
983717,0.9162284808758915,Q3
983721,0.3515151515151515,Q1
983746,1.0265968502142095,Q4
983747,0.5179083942086531,Q1
983750,0.7888124073618241,Q3
983756,0.7580004470964525,Q2
983758,0.6870002961208173,Q2
983766,0.7298557011697892,Q2
983767,0.51995504046019,Q1
983771,0.6743865473704994,Q2
983772,1.0170482221139796,Q4
983776,0.8957033856987412,Q3
983785,0.6743865473704994,Q2
983786,0.348,Q1
983795,1.1564343274902384,Q5
983797,0.6714743976266854,Q2
983812,0.5771541661761538,Q1
983814,0.48063905987754035,Q1
983815,0.8628188307730452,Q3
983825,0.7692823899544857,Q2
983826,0.8414620072649737,Q3
983829,0.7865821832354617,Q2
983830,0.7177031982448849,Q2
983845,0.4263176765865902,Q1
983846,0.61496322148837,Q1
983855,0.7177031982448849,Q2
983868,0.9160131096973202,Q3
983872,0.7809734031595994,Q2
983881,0.5483958889604453,Q1
983900,0.6508778902578729,Q2
983901,0.7561840116607412,Q2
983906,0.4236312071333107,Q1
983907,0.3128098817542282,Q1
983908,0.7201002438398194,Q2
983923,0.7519622250951187,Q2
983928,0.6798827457236213,Q2
983949,0.26074504650212693,Q1
983951,1.6115748888355956,Q5
983955,0.6930372656891788,Q2
983957,0.6857987436876463,Q2
983962,0.7061192997925831,Q2
983963,0.40837702562069483,Q1
983966,1.16,Q5
983970,0.9535272876728416,Q4
983978,0.5935660763342179,Q1
983980,0.6863521762426162,Q2
983985,0.7979363714531384,Q3
984009,0.925702494570618,Q3
984010,0.8044796054659407,Q3
984014,0.6360763800830541,Q1
984019,1.6115748888355956,Q5
984025,0.6571771725156815,Q2
984030,0.4865374981067447,Q1
984034,0.8339623997986987,Q3
984035,0.650675691515548,Q2
984037,0.9269453421884433,Q4
984045,0.765007301485944,Q2
984046,0.8328624327720199,Q3
984051,1.1255918223947268,Q5
984054,0.98612737478591,Q4
984055,0.6360678846130297,Q1
984056,0.3967695961995249,Q1
984062,0.37937425051782403,Q1
984063,0.8356094486298287,Q3
984066,0.9182750301568154,Q3
984067,0.8910054535678624,Q3
984068,0.39596879063719115,Q1
984069,0.6811557485538936,Q2
984075,1.0545454545454545,Q4
984076,0.4990392061261365,Q1
984079,0.6960556844547563,Q2
984080,0.5661637460579408,Q1
984083,0.7224675297967914,Q2
984086,0.6234261550394528,Q1
984091,0.5290693409971394,Q1
984093,0.6267164918283733,Q1
984098,0.8980645161290323,Q3
984108,0.9194573398837157,Q3
984109,0.2552102335499303,Q1
984115,1.123668065870197,Q5
984116,0.5837023087728794,Q1
984120,1.0545454545454545,Q4
984121,0.8592857804253218,Q3
984128,1.218487394957983,Q5
984129,1.0383604050500719,Q4
984131,0.4102005435219241,Q1
984136,1.1287104628062845,Q5
984140,1.0755845400176174,Q5
984142,0.7162207009392679,Q2
984148,0.5186434047151094,Q1
984149,1.1174124457222196,Q5
984151,1.120677966101695,Q5
984159,0.8188946099338608,Q3
984160,0.944921595945164,Q4
984165,0.8316240167280694,Q3
984168,0.6704879341072203,Q2
984169,0.6921241050119332,Q2
984196,0.6140586029623849,Q1
984200,0.7221675854664225,Q2
984202,0.8072339561836988,Q3
984206,1.067859021567596,Q4
984211,0.42608196766744033,Q1
984213,0.8107513333855952,Q3
984215,0.6599174852529168,Q2
984220,0.617062304674513,Q1
984223,0.6467980707574785,Q2
984227,0.8049534928125256,Q3
984230,0.7861521817526145,Q2
984231,0.8148744242607786,Q3
984240,1.0127405708220814,Q4
984247,1.1070069492503372,Q5
984252,1.0005750431282345,Q4
984259,1.16,Q5
984262,0.3499786994037097,Q1
984266,1.089845011564597,Q5
984268,0.2552102335499303,Q1
984273,0.39824338049122404,Q1
984275,0.9296085044121799,Q4
984279,0.2552102335499303,Q1
984280,0.6508778902578729,Q2
984281,0.2552102335499303,Q1
984288,1.1520577834624934,Q5
984290,0.9434198510111598,Q4
984293,0.557248983466679,Q1
984294,0.9693613168960284,Q4
984301,0.48968981497767994,Q1
984302,0.8172579891716379,Q3
984305,0.7347849559114631,Q2
984306,0.41701791249713943,Q1
984308,0.34946363593402957,Q1
984310,0.48968981497767994,Q1
984311,0.8930519022262141,Q3
984324,1.0944256623948423,Q5
984325,1.0664215122960239,Q4
984330,0.2552102335499303,Q1
984336,0.5964436192244519,Q1
984343,1.1369143230513736,Q5
984359,0.6736433323604915,Q2
984360,1.0021651716671822,Q4
984365,0.8247948382092457,Q3
984367,0.9437150523512866,Q4
984385,1.1165732751211799,Q5
984386,0.9171420570907752,Q3
984388,0.9437150523512866,Q4
984389,0.4145916967959107,Q1
984395,0.3197897933470456,Q1
984396,0.8925289174239769,Q3
984397,0.4048387422845171,Q1
984398,1.0711812235475182,Q4
984399,1.1831529893878883,Q5
984402,0.949088752071018,Q4
984405,0.580313880463647,Q1
984406,1.261183718770527,Q5
984407,0.9159702572876226,Q3
984413,0.2552102335499303,Q1
984414,1.0349397116128947,Q4
984415,0.7972423684107763,Q3
984419,0.6242432396071572,Q1
984422,0.8144418581115271,Q3
984427,0.8558503168018226,Q3
984428,0.8086817093858202,Q3
984429,0.5753968253968254,Q1
984430,0.742903986064146,Q2
984438,0.7217952899340337,Q2
984443,0.2552102335499303,Q1
984447,0.9743873329646715,Q4
984452,0.9428877005347593,Q4
984454,1.0685264993255914,Q4
984459,0.654418947225458,Q2
984461,0.6051147848843021,Q1
984464,1.1203940696382866,Q5
984466,0.868173415036435,Q3
984471,0.5200217505904622,Q1
984473,0.4322338534193155,Q1
984475,0.7282216402549723,Q2
984476,0.2552102335499303,Q1
984481,0.8587207035587557,Q3
984485,0.7254779841927104,Q2
984486,1.0446398419031657,Q4
984489,0.6810859785001026,Q2
984490,0.7711367619508067,Q2
984497,0.9151165151942359,Q3
984508,0.2552102335499303,Q1
984512,0.2552102335499303,Q1
984514,0.7273948827053357,Q2
984515,0.6305775764439411,Q1
984521,0.2552102335499303,Q1
984525,0.936421551150009,Q4
984526,0.8765871874691694,Q3
984528,0.936421551150009,Q4
984533,0.5914709517923362,Q1
984534,0.7711367619508067,Q2
984535,0.7486017496056216,Q2
984540,0.3439791296734952,Q1
984541,0.9831950579452658,Q4
984545,0.9683141455949358,Q4
984550,0.5214942592132006,Q1
984559,0.7753361810904443,Q2
984562,0.5744866864428622,Q1
984565,0.9922553430585315,Q4
984569,0.9183434791735389,Q3
984581,0.8989022027696061,Q3
984585,0.8545994065281899,Q3
984593,1.0795346833261525,Q5
984598,0.7751174544457996,Q2
984602,0.28600819944962597,Q1
984607,0.9517948717948718,Q4
984618,1.0545454545454545,Q4
984623,1.16,Q5
984641,0.2552102335499303,Q1
984646,0.9456297404952867,Q4
984672,0.8189549125528159,Q3
984687,0.37730760184137724,Q1
984707,0.8122016967546941,Q3
984708,1.127808583660387,Q5
984710,0.567668267002799,Q1
984715,0.9782150386507379,Q4
984727,1.1489177310525556,Q5
984752,0.7548602261326971,Q2
984759,0.5510688836104513,Q1
984771,1.0640342447802917,Q4
984809,0.5978170841692588,Q1
984812,0.7160493827160493,Q2
984818,0.6643915710092356,Q2
984820,0.37730760184137724,Q1
984825,0.37730760184137724,Q1
984827,0.684175172436391,Q2
984830,1.197934595524957,Q5
984831,0.9793197933830744,Q4
984832,0.5166260325266562,Q1
984834,0.6127257212139807,Q1
984854,1.0841121495327102,Q5
984855,1.017911769604836,Q4
984856,0.624596166271807,Q1
984857,1.0856585766329725,Q5
984858,0.8210795506438945,Q3
984862,0.5595883142453905,Q1
984866,0.6643915710092356,Q2
984873,0.6768578163277593,Q2
984875,0.7319915241577042,Q2
984877,1.30432745615542,Q5
984878,0.8299933208467514,Q3
984888,1.141732283464567,Q5
984895,0.7210083879990372,Q2
984900,0.5459123245982133,Q1
984902,0.7707345744476956,Q2
984903,0.8339623997986987,Q3
984932,0.6587262296514167,Q2
984945,0.6704711044537973,Q2
984965,0.8791847330076391,Q3
984974,0.9586776859504132,Q4
984975,0.49599940138003284,Q1
984990,0.5368595041322314,Q1
985000,1.16,Q5
985040,0.883381217764547,Q3
985041,0.5538723888020463,Q1
985058,0.9238443213335102,Q3
985072,0.9727735226700955,Q4
985091,1.16,Q5
985145,1.16,Q5
985147,0.6083076180478101,Q1
985151,0.7549358058426591,Q2
985153,0.6083076180478101,Q1
985166,0.9351546754534694,Q4
985168,0.9784463202826963,Q4
985198,0.9784463202826963,Q4
985205,0.7869241695109284,Q2
985210,1.0290149695065607,Q4
985225,1.0644204978589242,Q4
985238,0.7833696525547992,Q2
985245,1.1186113789778207,Q5
985260,0.9564709520046725,Q4
985263,0.9855590369945083,Q4
985274,0.7633794638536727,Q2
985322,0.9855590369945083,Q4
985323,0.4699527346387576,Q1
985350,1.0594091054386046,Q4
985417,1.064776119402985,Q4
985419,0.418004628480369,Q1
985421,1.0760567075513245,Q5
985430,0.7848464915224658,Q2
985460,1.1057997844768037,Q5
985490,0.9533401551836662,Q4
985503,0.7187669429168926,Q2
985513,1.1031968536698928,Q5
985530,1.0215034036595374,Q4
985540,1.16,Q5
985549,1.152029923379364,Q5
985601,0.9523809523809523,Q4
985646,1.6115748888355956,Q5
985650,1.0052719000505526,Q4
985653,1.0134692391700035,Q4
985660,0.7381797151057068,Q2
985695,1.156852511891011,Q5
985699,1.1534282054863598,Q5
985780,1.0932837655508594,Q5
985792,0.8990234745018342,Q3
985822,0.97086701493266,Q4
985835,0.6075914006029355,Q1
985837,1.1284046692607004,Q5
985844,0.7809431908710435,Q2
985870,0.890424102859336,Q3
985877,1.16,Q5
985939,0.5938775296639582,Q1
985942,1.6115748888355956,Q5
985944,0.8567309962267436,Q3
985946,0.5910037339040817,Q1
985964,0.5910037339040817,Q1
985975,0.9376262966455611,Q4
985986,0.7486151694960831,Q2
985987,0.6973668390044487,Q2
985993,0.8354313827677843,Q3
986000,0.8155844938504728,Q3
986002,0.5938775296639582,Q1
986013,0.5938775296639582,Q1
986019,0.5029971854962721,Q1
986032,0.6900397813882589,Q2
986035,0.6482302992635213,Q2
986037,0.5087905259695165,Q1
986049,0.3864653826132223,Q1
986054,0.8140350877192982,Q3
986055,0.9889545513685263,Q4
986082,0.9889545513685263,Q4
986119,0.980269378513233,Q4
986120,0.7381797151057068,Q2
986143,0.8845724090088277,Q3
986144,1.6115748888355956,Q5
986150,0.9272108313193524,Q4
986151,0.4679435384628314,Q1
986154,0.7381797151057068,Q2
986159,1.0964980049625987,Q5
986162,0.9272108313193524,Q4
986168,0.9515336803374671,Q4
986171,1.1435613062230436,Q5
986176,0.3335729690869878,Q1
986196,0.8283362781627926,Q3
986203,0.673486927126769,Q2
986208,0.6441288411927798,Q2
986209,1.6115748888355956,Q5
986214,0.9726783593040319,Q4
986217,1.6115748888355956,Q5
986220,0.7875976009958131,Q2
986221,1,Q4
986226,0.8711978971085242,Q3
986238,0.6209543831122423,Q1
986240,0.4379768740659168,Q1
986243,0.7665764501245795,Q2
986246,0.6403928010179702,Q2
986249,0.6403928010179702,Q2
986250,0.6490175352278145,Q2
986252,0.6391184573002755,Q2
986254,0.7439359013486089,Q2
986256,1.1401892124339599,Q5
986257,0.7848464915224658,Q2
986259,0.7130116183772839,Q2
986261,0.7285173729412319,Q2
986262,0.5438459641989629,Q1
986270,1.118471565038836,Q5
986274,0.9832063599731246,Q4
986276,0.667858128126087,Q2
986280,0.6330533911408908,Q1
986285,0.5299165368652567,Q1
986286,0.6949749120047929,Q2
986287,0.967622343054869,Q4
986289,0.49452891857325565,Q1
986292,1.6115748888355956,Q5
986295,0.9261477045908184,Q3
986298,0.33780873279256435,Q1
986300,0.6864271177001037,Q2
986301,1.4042804323811735,Q5
986302,0.5419141548853879,Q1
986303,1.5502294747577765,Q5
986304,1.1227516736420422,Q5
986306,0.995684413819413,Q4
986307,0.8169014084507042,Q3
986308,0.8805508865152091,Q3
986309,0.7443118301155013,Q2
986311,1.0788690476190477,Q5
986314,0.8477466504263094,Q3
986315,1.2975458693029107,Q5
986318,0.7443118301155013,Q2
986326,1.1218990613229598,Q5
986334,0.8221848143882342,Q3
986337,0.6170315232512241,Q1
986338,0.82684084076833,Q3
986345,0.649271964687998,Q2
986350,0.806699313262438,Q3
986352,1.032640949554896,Q4
986356,0.4627869838944367,Q1
986357,0.6564042377055193,Q2
986378,1.1537632685538726,Q5
986395,1.032640949554896,Q4
986400,1.0818652849740933,Q5
986410,1.1006997983631834,Q5
986423,1.4803443779649887,Q5
986428,0.7729125254028363,Q2
986443,0.9416858341225816,Q4
986445,0.6589037205339392,Q2
986446,0.7531041198907134,Q2
986456,1.16,Q5
986458,0.7198749288916647,Q2
986461,0.7871314562308919,Q2
986464,0.7198749288916647,Q2
986466,1.0663310671244681,Q4
986469,0.5497762161414951,Q1
986472,0.7200212075211985,Q2
986473,0.8688541985256942,Q3
986475,0.6287454017172713,Q1
986482,1.0273235042520001,Q4
986483,0.6287454017172713,Q1
986484,0.543059909304869,Q1
986495,0.7200496585971446,Q2
986502,0.9159272070988118,Q3
986518,0.4902973848669044,Q1
986520,0.7517989611297317,Q2
986522,1.6107589647325045,Q5
986523,0.6673768332861387,Q2
986528,0.4375057576529368,Q1
986531,0.8628013807336326,Q3
986537,0.5318864391884146,Q1
986538,0.4363681961149019,Q1
986539,0.4363681961149019,Q1
986540,0.68451067840483,Q2
986549,0.7817061774651212,Q2
986550,0.8787878787878788,Q3
986551,1.1047619047619048,Q5
986555,0.8911884172063101,Q3
986562,0.9299839657936932,Q4
986565,0.6614397719173201,Q2
986575,0.5195571261045374,Q1
986576,0.6953775249574977,Q2
986582,1.062040389931275,Q4
986583,0.6792563314302444,Q2
986587,1.257236422330281,Q5
986592,0.6509302819466913,Q2
986596,1.0788069351874405,Q5
986602,1.0791011366609495,Q5
986603,1.16,Q5
986606,0.8966183574879227,Q3
986608,0.5347145841587541,Q1
986609,0.7358084064588615,Q2
986610,0.5748509976205775,Q1
986615,0.8417637768386904,Q3
986619,1.1393182097207633,Q5
986620,1.1493439763989945,Q5
986621,1.145157486576758,Q5
986623,0.5957031608215129,Q1
986624,1.6115748888355956,Q5
986627,0.9873169263015277,Q4
986628,0.6616442468514574,Q2
986632,1.093909626719057,Q5
986633,1.0924945128997599,Q5
986637,0.8417637768386904,Q3
986640,0.6997960471219499,Q2
986641,0.8399710354815351,Q3
986646,1.0605848963161437,Q4
986652,0.6046878199837409,Q1
986653,0.6735755474011049,Q2
986654,1.0441002885803505,Q4
986655,1.0545454545454545,Q4
986657,0.5629328680517663,Q1
986668,0.2552102335499303,Q1
986671,0.7328823018401032,Q2
986672,0.871683545671542,Q3
986679,0.7062846821126978,Q2
986684,0.9410174074700017,Q4
986704,0.7409641760854523,Q2
986706,0.7409641760854523,Q2
986729,0.6452277847124859,Q2
986731,0.9982788296041308,Q4
986757,0.710033699022661,Q2
986760,0.7486882932139922,Q2
986762,0.7486882932139922,Q2
986763,0.8097854444467316,Q3
986775,1.16,Q5
986783,0.7386836007287779,Q2
986784,1.0512536501862852,Q4
986796,1.0335994059773528,Q4
986802,0.5748509976205775,Q1
986805,1.0335994059773528,Q4
986818,0.6138378092340256,Q1
986827,0.46787485447662,Q1
986852,1.0873442605876762,Q5
986864,0.3838798815267262,Q1
986865,1.0066274746684136,Q4
986867,0.3838798815267262,Q1
986871,0.8058066527140759,Q3
986873,0.926899307072851,Q3
986881,0.7198173862296019,Q2
986882,0.38284148836564136,Q1
986883,0.7198173862296019,Q2
986887,1.16,Q5
986913,1.0067259709264482,Q4
986936,0.9579931694811731,Q4
986946,0.8119284220996308,Q3
986947,1.16,Q5
986957,0.5045704727614404,Q1
986968,0.35364217139341875,Q1
986985,1.1938762382606458,Q5
986986,0.8637651823222762,Q3
986993,0.6541722277572044,Q2
987001,0.5390512001827817,Q1
987003,0.5929537590437244,Q1
987010,0.7066223776995487,Q2
987011,0.635056946874631,Q1
987015,0.7062846821126978,Q2
987017,0.39297403047392193,Q1
987033,0.978270747479986,Q4
987034,0.31843308959018896,Q1
987035,0.978270747479986,Q4
987067,1.16,Q5
987069,0.5612658666757938,Q1
987082,0.7056553817809977,Q2
987084,0.62256948559749,Q1
987088,0.7056553817809977,Q2
987107,0.819513343865074,Q3
987121,0.7852447758265476,Q2
987138,1.1054256178657993,Q5
987141,0.819513343865074,Q3
987170,0.2767195544972433,Q1
987171,0.939778557926006,Q4
987187,0.7594913029516027,Q2
987188,0.6420123242659043,Q2
987192,0.6420123242659043,Q2
987195,0.670877174534533,Q2
987216,0.7756026893503214,Q2
987222,1.1938762382606458,Q5
987230,0.8451217290996297,Q3
987237,0.7088418515438019,Q2
987240,0.6938225978894312,Q2
987241,0.5553893111496798,Q1
987252,0.6938225978894312,Q2
987258,0.2552102335499303,Q1
987259,0.42584000407892725,Q1
987260,0.5936890591665449,Q1
987263,1.16,Q5
987266,0.9651365721011406,Q4
987268,1.2701760077865196,Q5
987276,0.9696329780798715,Q4
987283,1.0238305383936452,Q4
987291,1.1047619047619048,Q5
987297,0.6603016183793438,Q2
987298,0.45314343845371313,Q1
987348,1.0197802197802197,Q4
987387,0.9824774986624176,Q4
987413,1.2292476156835042,Q5
987415,1.16,Q5
987435,0.5427006374393263,Q1
987467,0.6000593710780554,Q1
987519,0.8805493945036827,Q3
987522,0.31843308959018896,Q1
987525,0.31843308959018896,Q1
987529,0.629727480004343,Q1
987530,0.8805493945036827,Q3
987533,0.8805493945036827,Q3
987534,0.8115353677330559,Q3
987541,1.1511916397263364,Q5
987544,0.5188297122202015,Q1
987546,1.16,Q5
987552,0.788473112188905,Q2
987553,0.7282975695510228,Q2
987554,1.0015366351288153,Q4
987563,0.49923642926558376,Q1
987565,1.6061538461538463,Q5
987568,0.4848250609795147,Q1
987574,1.158956196502509,Q5
987587,0.8656716417910447,Q3
987599,0.9446959259988191,Q4
987600,1.0384959713518354,Q4
987615,1.070231370900778,Q4
987628,0.878955734917811,Q3
987637,0.6251515723100968,Q1
987638,0.7075172131920646,Q2
987645,0.5920848037426142,Q1
987651,0.8178301713022655,Q3
987653,0.49923642926558376,Q1
